date,Firm,Sample,Turnout,People%27s_Party_(Spain),Spanish_Socialist_Workers%27_Party,Unidas_Podemos,Citizens_(Spanish_political_party),Republican_Left_of_Catalonia%E2%80%93Sovereigntists,Catalan_European_Democratic_Party,Basque_Nationalist_Party,Animalist_Party_Against_Mistreatment_of_Animals,EH_Bildu,Canarian_Coalition,Vox_(political_party),Coalici%C3%B3_Comprom%C3%ADs,Together_for_Catalonia_(2017),Navarra_Suma,Lead,Unidos_Podemos
2019-04-28,April 2019 general election,NA,71.8,16.7,28.7,14.3,15.9,3.9,NA,1.5,1.3,1,0.5,10.3,0.7,1.9,0.4,12.0,NA
2019-04-28,ElectoPanel/Electomanía[1],4300,NA,19.3,25.3,14.5,15,3.3,NA,1.3,1.4,0.8,0.3,13,1.2,1.4,0.3,6.0,NA
2019-04-27,SocioMétrica/El Español[2],3600,NA,17.9,27.9,16.5,16,2.8,NA,1.2,NA,0.9,0.3,11,0.5,1.6,0.3,10.0,NA
2019-04-27,IMOP/COPE[3][4],4200,NA,18.3,26.8,16.8,14.2,3.1,NA,1.2,NA,0.9,0.3,12.7,0.6,1.3,0.2,8.5,NA
2019-04-27,GAD3/RTVE–FORTA[5][6],12000,NA,17.8,28.1,16.1,14.4,3.3,NA,1.3,NA,0.7,0.3,12.4,0.5,1.6,0.5,10.3,NA
2019-04-26,El Español[7],NA,NA,18.5,27.5,16,15.75,NA,NA,NA,NA,NA,NA,11.5,NA,NA,NA,9.0,NA
2019-04-26,Podemos[8][9],NA,NA,15,30,15,15,NA,NA,NA,NA,NA,NA,15,NA,NA,NA,15.0,NA
2019-04-26,Demoscopia Servicios/OKDiario[10],NA,NA,21.7,27.2,12.3,15.4,NA,NA,NA,NA,NA,NA,13.3,NA,NA,NA,5.5,NA
2019-04-25,PSOE[11][12][13],NA,NA,16,30.5,NA,NA,NA,NA,NA,NA,NA,NA,14.5,NA,NA,NA,13.0–15.0,NA
2019-04-25,ElectoPanel/Electomanía[14],11000,NA,20.2,25.3,14.6,15,2.7,NA,1.3,1.8,0.8,0.3,12.3,1.3,1.3,0.3,5.1,NA
2019-04-24,ElectoPanel/Electomanía[15],11000,NA,20.1,25.6,14.1,15.1,2.7,NA,1.3,1.9,0.8,0.2,12.4,1.3,1.3,0.3,5.5,NA
2019-04-23,ElectoPanel/Electomanía[16],11000,NA,19.9,26.2,13.5,15.1,2.7,NA,1.3,2.1,0.8,0.2,12.4,1.3,1.3,0.3,6.3,NA
2019-04-22,Hamalgama Métrica/Espiral21[17],NA,70.5,23.1,28.1,12.1,13.2,3.1,NA,1.3,1.4,0.8,0.3,10.1,0.9,1.4,0.1,5.0,NA
2019-04-22,Llorente & Cuenca[18][19],NA,NA,22,28.3,13.8,18.9,2.8,NA,NA,NA,NA,NA,7.9,NA,1.3,NA,6.3,NA
2019-04-22,KeyData/Público[20],NA,67.7,20.4,29.4,13.1,15.3,3.3,NA,1.2,NA,0.9,0.4,10.4,NA,1.5,NA,9.0,NA
2019-04-22,Demoscopia Servicios/OKDiario[21],NA,NA,21.8,28.1,12.6,14.4,2.9,NA,1.4,NA,0.9,0.3,12.7,1.1,1.3,NA,6.3,NA
2019-04-22,ElectoPanel/Electomanía[22],11000,NA,19.5,27.2,12.8,15,2.7,NA,1.3,2.2,0.8,0.2,12.4,1.3,1.3,0.3,7.7,NA
2019-04-21,Infortécnica[23],1600,NA,NA,NA,NA,NA,NA,NA,NA,NA,NA,NA,NA,NA,NA,NA,NA,NA
2019-04-21,SocioMétrica/El Español[24][25],1800,NA,18.2,29.5,13.6,15.1,3.3,NA,1.1,0.9,0.9,0.2,12.6,1.1,1.3,0.3,11.3,NA
2019-04-21,ElectoPanel/Electomanía[26],11000,NA,19.9,27.4,12.4,14.4,2.8,NA,1.3,2.3,0.8,0.2,12.5,1.3,1.3,0.3,7.5,NA
2019-04-20,Celeste-Tel/eldiario.es[27],1100,68.3,23.5,28.9,13.5,15.1,2.9,NA,1.2,1.3,0.8,0.3,7.9,1.3,1.5,0.4,5.4,NA
2019-04-20,IMOP/El Confidencial[28],1400,70,19.8,29.8,14.1,15.1,3,NA,1.2,1.8,0.8,0.3,10,0.8,1.2,0.3,10.0,NA
2019-04-20,SocioMétrica/El Español[24],1800,NA,18.4,30,13.7,15.5,3.2,NA,1.1,0.8,1,0.2,11.8,1,1.4,0.3,11.6,NA
2019-04-20,ElectoPanel/Electomanía[29],10800,NA,19.9,27.5,12.3,14.3,2.7,NA,1.3,2.2,0.8,0.2,12.5,1.3,1.3,0.3,7.6,NA
2019-04-19,InvyMark/laSexta[30],NA,NA,20.4,28.1,13,15.2,3.3,NA,1.3,NA,NA,NA,12.7,NA,1.3,NA,7.7,NA
2019-04-19,NC Report/La Razón[31][32],1000,68.9,23.8,28.1,13,14.9,2.9,NA,1.3,NA,0.8,0.3,9,1.5,1.4,0.4,4.3,NA
2019-04-19,SocioMétrica/El Español[24],1800,NA,18.5,30.5,13.8,15.9,3.1,NA,1,0.7,1.1,0.2,10.9,0.8,1.5,0.2,12.0,NA
2019-04-19,GAD3/ABC[33],10000,NA,20.1,31.5,12.1,13.9,3.3,NA,1.2,1.9,0.9,0.3,11.4,0.4,1.2,0.5,11.4,NA
2019-04-19,ElectoPanel/Electomanía[34],10700,NA,20.1,27.6,12.4,14.2,2.8,NA,1.3,2.3,0.8,0.2,12.5,1.3,1.3,0.4,7.5,NA
2019-04-18,Demoscopia Servicios/ESdiario[35],950,NA,21.6,28.4,12.7,14.7,2.4,NA,1.4,NA,0.9,0.3,12.4,1.2,1.2,NA,6.8,NA
2019-04-18,40 dB/El País[36][37],2000,NA,17.8,28.8,13.2,14.1,3.3,NA,1,2.8,1,0.4,12.5,0.9,1.9,NA,11.0,NA
2019-04-18,Sondaxe/La Voz de Galicia[38],1000,NA,18.3,30.9,13.6,13.8,2.8,NA,2.1,NA,0.8,0.4,10.5,NA,1.5,0.3,12.6,NA
2019-04-18,SocioMétrica/El Español[39],1800,NA,18.6,31,13.4,15.5,3.2,NA,1.1,0.9,1,0.2,11,0.6,1.4,0.2,12.4,NA
2019-04-18,ElectoPanel/Electomanía[40],10600,NA,20.3,27.6,12.4,14.3,2.8,NA,1.4,2.3,0.9,0.2,12.4,1.3,1.3,0.4,7.3,NA
2019-04-17,PP[41],NA,NA,19,30,12.5,12.5,NA,NA,NA,NA,NA,NA,11,NA,NA,NA,11.0,NA
2019-04-17,DYM/El Independiente[42],1025,NA,20.4,29,13.7,15.5,NA,NA,NA,NA,NA,NA,10.4,NA,NA,NA,8.6,NA
2019-04-17,Celeste-Tel/eldiario.es[43],1100,NA,23.8,28.1,12.9,15.8,2.9,NA,1.2,1.4,0.8,0.3,7.7,1.4,1.4,0.4,4.3,NA
2019-04-17,SocioMétrica/El Español[39],1800,NA,18.7,30.8,13.1,15.8,3.4,NA,1.1,0.8,1.1,0.2,10.6,0.7,1.3,0.3,12.1,NA
2019-04-17,Sigma Dos/El Mundo[44],8000,NA,20.1,30.3,13.2,15,3.8,NA,1.3,NA,NA,NA,10.2,NA,1.3,NA,10.2,NA
2019-04-17,ElectoPanel/Electomanía[45],10200,NA,20.4,27.7,12.4,14.6,2.7,NA,1.4,2.2,0.8,0.2,12,1.3,1.3,0.4,7.3,NA
2019-04-16,Metroscopia/Henneo[46][47][48],4775,NA,19.6,29.1,14.3,14.2,3.5,NA,1.4,NA,0.7,0.3,11.1,1.1,1.4,0.3,9.5,NA
2019-04-16,IMOP/El Confidencial[49],1400,71,19.3,30.4,13.5,15.3,3.2,NA,1.2,1.9,0.8,0.3,9.6,0.8,1.4,0.3,11.1,NA
2019-04-16,SocioMétrica/El Español[50],1800,NA,18.8,30.5,12.7,16,3.3,NA,1.1,1,1,0.2,10.9,0.8,1.3,0.3,11.7,NA
2019-04-16,ElectoPanel/Electomanía[51],10200,NA,20.2,28.2,12.4,15.3,2.8,NA,1.3,2.1,0.8,0.2,11.5,1.3,1.3,0.4,8.0,NA
2019-04-15,Top Position[52],1200,NA,22.3,27.8,12.2,13.1,3.2,NA,1.2,NA,NA,NA,14.2,NA,1.6,NA,5.5,NA
2019-04-15,Demoscopia Servicios/OKDiario[53],NA,NA,21.3,28.9,12.8,14.9,2.3,NA,1.5,NA,1.2,NA,12.2,NA,1.3,NA,7.6,NA
2019-04-15,GAD3/ABC[54],2000,NA,20.9,31.3,12.3,13.2,NA,NA,NA,NA,NA,NA,11.8,NA,NA,NA,10.4,NA
2019-04-15,SocioMétrica/El Español[39],1800,NA,19,30.2,13.2,15.7,3.2,NA,1.2,1.1,0.9,0.2,11,0.9,1.2,0.3,11.2,NA
2019-04-15,ElectoPanel/Electomanía[55],10100,NA,20.2,28.2,12.3,15.1,2.8,NA,1.3,2.1,0.9,0.2,11.5,1.3,1.3,0.4,8.0,NA
2019-04-14,KeyData/Público[56],NA,65.2,20.8,28.8,13.5,15.6,3.4,NA,1.3,NA,0.9,0.3,9.8,NA,1.6,NA,8.0,NA
2019-04-14,ElectoPanel/Electomanía[57],10000,NA,20,28.1,12.1,15.3,2.8,NA,1.3,1.9,0.8,0.2,11.1,1.3,1.3,0.4,8.1,NA
2019-04-13,NC Report/La Razón[58],1000,66.5,24.1,27.5,12.1,15.8,2.9,NA,1.3,NA,0.8,0.3,9.1,1.8,1.3,0.4,3.4,NA
2019-04-13,IMOP/El Confidencial[59][60],1410,70,18.6,31,13.4,15.8,3.3,NA,1.2,2,0.8,0.3,9.5,0.9,1.3,0.3,12.4,NA
2019-04-12,SocioMétrica/El Español[61],1800,NA,19.1,29.9,13,15.4,3.2,NA,1.3,1.2,1,0.3,11.2,0.8,1.4,0.4,10.8,NA
2019-04-11,GAD3/La Vanguardia[62][63],1800,71,21,31.1,11.4,14.4,3.6,NA,1.2,1.4,0.7,0.3,11.2,0.5,1.2,NA,10.1,NA
2019-04-11,Demoscopia Servicios/ESdiario[64],920,NA,20.8,27.9,13.2,16.6,2.3,NA,1.5,NA,1.1,0.2,11.7,1,1.2,NA,7.1,NA
2019-04-11,InvyMark/laSexta[65],NA,NA,20.8,27.1,13.2,16.4,NA,NA,NA,NA,NA,NA,12.7,NA,NA,NA,6.3,NA
2019-04-10,Celeste-Tel/eldiario.es[66],1100,NA,23.9,27.3,13.1,15.9,2.8,NA,1.2,1.5,0.8,0.3,7.8,1.5,1.6,0.5,3.4,NA
2019-04-09,GAD3/ABC[67],2000,NA,21.3,30.9,12,13.5,NA,NA,NA,NA,NA,NA,11.2,NA,NA,NA,9.6,NA
2019-04-09,IMOP/El Confidencial[68],1407,70.7,19.4,31,13.2,16,3.1,NA,1.3,1.5,0.8,NA,9.8,0.8,1.3,NA,11.6,NA
2019-04-07,ElectoPanel/Electomanía[69],9600,NA,20.1,27.4,11.9,15.6,2.6,NA,1.3,1.2,0.9,0.3,10.6,1.5,1.3,0.4,7.3,NA
2019-04-06,NC Report/La Razón[70],1000,66.3,24,26.9,12.3,16.1,2.8,NA,1.3,NA,0.8,0.3,9.4,1.7,1.3,0.4,2.9,NA
2019-04-06,IMOP/El Confidencial[71],1440,72,20,31.5,12.9,15.5,3.2,NA,1.3,1.2,0.9,NA,9.3,0.6,1.2,NA,11.5,NA
2019-04-05,Simple Lógica[72],1054,73.7,16.7,30.5,14.4,15.5,NA,NA,NA,NA,NA,NA,9.8,NA,NA,NA,13.8,NA
2019-04-05,GESOP/El Periódico[73],1500,NA,21,29.8,12,14.5,NA,NA,NA,NA,NA,NA,10.6,NA,NA,NA,8.8,NA
2019-04-05,SocioMétrica/El Español[39],1800,NA,19.4,30.1,12.3,15.1,3,NA,1.2,1.2,0.8,0.3,10.6,1,1.3,0.5,10.7,NA
2019-04-04,GAD3/ABC[74][75],4000,NA,20.9,31.1,11.5,14.9,NA,NA,NA,NA,NA,NA,9.8,NA,NA,NA,10.2,NA
2019-04-03,Celeste-Tel/eldiario.es[76],1100,NA,23.6,27.2,12.2,15.7,2.8,NA,1.2,1.5,0.7,0.3,8.7,1.6,1.6,0.5,3.6,NA
2019-04-02,KeyData/Público[77],NA,68.9,20.6,28.7,13.7,16,2.9,NA,1.2,NA,0.8,0.2,10.8,NA,1.4,NA,8.1,NA
2019-04-02,IMOP/El Confidencial[78],1431,69,20.8,30,13.9,14.8,3.5,NA,1.1,1.5,1,NA,9.6,0.5,1.1,NA,9.2,NA
2019-03-31,ElectoPanel/Electomanía[79],8850,NA,19.9,27.7,11.4,16.6,2.4,NA,1.3,1.1,0.9,0.2,10.7,1.8,1.3,NA,7.8,NA
2019-03-30,IMOP/El Confidencial[80],1419,67,21.6,30,13.7,14,3.5,NA,1.1,1.8,1,NA,9.5,0.5,1.1,NA,8.4,NA
2019-03-29,NC Report/La Razón[81],1000,66.2,23.1,26.7,11.9,16.5,3,NA,1.3,NA,0.7,NA,10.3,NA,1.3,NA,3.6,NA
2019-03-29,SocioMétrica/El Español[82],1600,NA,18.8,29,12.6,16.1,3,NA,1.2,1.2,0.9,0.3,11.9,0.5,1.3,0.3,10.2,NA
2019-03-29,InvyMark/laSexta[83],NA,NA,20.1,25.9,13,17.5,NA,NA,NA,NA,NA,NA,12.9,NA,NA,NA,5.8,NA
2019-03-27,Demoscopia Servicios/OKDiario[84],1175,NA,21,27.7,13.4,16.9,2.1,NA,1.5,NA,1,NA,11.2,1.4,1.4,NA,6.7,NA
2019-03-27,Celeste-Tel/eldiario.es[85],1100,NA,22.9,27,12.1,16.7,2.8,NA,1.2,1.4,0.7,0.3,9.1,1.6,1.7,0.5,4.1,NA
2019-03-26,IMOP/El Confidencial[86],1400,65,20,31,11.9,14.9,3.3,NA,1.2,2,1.1,NA,10.1,0.7,1.3,NA,11.0,NA
2019-03-25,Metroscopia/Henneo[87][88][89],2722,67,19,28.7,14,16.3,NA,NA,NA,NA,NA,NA,11.7,NA,NA,NA,9.7,NA
2019-03-24,ElectoPanel/Electomanía[90],8200,NA,20.1,28.6,11.1,16.3,2.4,NA,1.3,1.1,0.9,0.2,10.5,1.8,1.3,NA,8.5,NA
2019-03-23,IMOP/El Confidencial[91],1399,65.5,19.5,30.5,12.4,14.4,3.5,NA,1.3,2.1,1,NA,11,NA,1.3,NA,11.0,NA
2019-03-22,NC Report/La Razón[92][93],1000,NA,22.4,26.9,12,17.1,2.9,NA,1.3,NA,0.7,NA,10.7,1.5,1.2,NA,4.5,NA
2019-03-22,GAD3/ABC[94][95],7500,NA,21.9,30.9,11.3,13.1,2.6,NA,1.2,NA,0.7,0.3,11.5,0.5,1.5,NA,9.0,NA
2019-03-20,Sondaxe/La Voz de Galicia[96],1000,NA,18.9,26.9,13.4,13.8,3.9,NA,1,NA,0.8,0.5,13.9,NA,1.7,NA,8.0,NA
2019-03-19,40 dB/El País[97][98],1500,NA,19.3,27.1,12.3,17.7,NA,NA,NA,NA,NA,NA,10.2,NA,NA,NA,7.8,NA
2019-03-18,CIS (SocioMétrica)[d][99],16194,NA,20.1,30.6,13.3,14.7,3.9,NA,1.4,1.8,0.9,0.4,9,0.6,1.3,0.3,10.5,NA
2019-03-18,CIS[100],16194,74.8,17.2,30.2,12.9,13.6,4.5,NA,1.3,1.4,1.1,0.4,11.9,0.9,1.2,0.1,13.0,NA
2019-03-17,ElectoPanel/Electomanía[101],7400,NA,20.7,27.3,11.3,15.4,3.2,1.3,1.3,0.9,0.8,0.3,12.5,1.7,NA,NA,6.6,NA
2019-03-15,NC Report/La Razón[102][103],1000,65.7,23.2,26,14.8,17.8,2.8,1.2,1.1,NA,0.6,NA,10.3,NA,NA,NA,2.8,NA
2019-03-13,Simple Lógica[104],1092,72.8,17.1,31.2,12.4,16.7,NA,NA,NA,NA,NA,NA,8.6,NA,NA,NA,14.1,NA
2019-03-11,Celeste-Tel/eldiario.es[105][106],1100,66.4,22.8,25.4,14.3,18.1,2.7,1.7,1.2,1.2,0.7,0.3,9.6,NA,NA,NA,2.6,NA
2019-03-10,ElectoPanel/Electomanía[107],6800,NA,20.3,26.9,11.4,16.1,3.3,1.3,1.3,0.9,0.8,0.3,12.3,1.8,NA,NA,6.6,NA
2019-03-09,KeyData/Público[108],NA,69.9,21.5,26.6,14.5,16.1,2.9,1.5,1.2,NA,0.8,0.3,10.2,NA,NA,NA,5.1,NA
2019-03-08,SocioMétrica/El Español[109],1600,74,17.5,27.6,14.1,17.8,3.1,1.5,1,2,0.9,0.2,12.1,NA,NA,NA,9.8,NA
2019-03-08,GAD3/ABC[110][111],1000,NA,22.1,30.6,11.8,13.2,2.8,1.5,1.2,NA,0.6,0.2,12.1,NA,NA,NA,8.5,NA
2019-03-08,InvyMark/laSexta[112],NA,NA,20.4,25.2,13.2,20.3,NA,NA,NA,NA,NA,NA,11.5,NA,NA,NA,4.8,NA
2019-03-03,ElectoPanel/Electomanía[113],5200,NA,20.5,26.7,11.5,16.2,3.3,1.3,1.3,0.8,0.8,0.3,12.1,1.8,NA,NA,6.2,NA
2019-02-26,KeyData/Público[114],NA,67.9,21.5,25.1,14.5,18,3.1,1.5,1.3,NA,0.8,0.3,10.9,NA,NA,NA,3.6,NA
2019-02-22,Sigma Dos/El Mundo[115],1200,NA,19.1,27.3,14.4,16,3.2,1.1,1.2,NA,NA,NA,13.3,NA,NA,NA,8.2,NA
2019-02-22,GAD3/ABC[116][117],800,71,23.2,28.9,11.5,15.7,3,1.5,1.3,NA,0.6,0.2,10.8,NA,NA,NA,5.7,NA
2019-02-21,InvyMark/laSexta[118],NA,NA,21,24.3,13.9,20.2,NA,NA,NA,NA,NA,NA,11.3,NA,NA,NA,3.3,NA
2019-02-21,Sondaxe/La Voz de Galicia[119],1500,NA,19.3,28.2,14.2,13.5,3.8,1.7,1.4,NA,0.8,NA,14.2,NA,NA,NA,8.9,NA
2019-02-15,SocioMétrica/El Español[120][121][122],1000,71,18.6,24.3,11.9,18.7,3.3,1.3,1.1,1.9,0.8,0.3,11.8,2.3,NA,NA,5.6,NA
2019-02-15,SocioMétrica/El Español[120][121][122],1000,71,18.6,24.3,15.2,18.7,3.3,1.3,1.1,1.9,0.8,0.3,11.8,NA,NA,NA,5.6,NA
2019-02-15,GESOP/El Periódico[123],1000,NA,19.9,27.4,13.6,14.5,NA,NA,NA,NA,NA,NA,13,NA,NA,NA,7.5,NA
2019-02-15,GAD3/La Vanguardia[124][125],1200,71,23.6,28.2,12.4,17.1,2.8,1.6,1.2,NA,0.6,0.3,8.8,NA,NA,NA,4.6,NA
2019-02-15,NC Report/La Razón[126][127],1000,65.6,23.6,24.1,16,18.9,2.8,1.3,1.1,NA,0.6,NA,10,NA,NA,NA,0.5,NA
2019-02-13,Metroscopia/Henneo[128][129][130],1995,65,20.5,27.6,13.8,15.4,NA,NA,NA,NA,NA,NA,12.7,NA,NA,NA,7.1,NA
2019-02-10,CIS[131](Kiko Llaneras)[d][132],2964,NA,23,27,17,17,NA,NA,NA,NA,NA,NA,6,NA,NA,NA,4.0,NA
2019-02-10,CIS[131](SocioMétrica)[d][133],2964,67.7,20.3,27.9,17.3,17.5,2.9,1,1,2.2,0.8,0.2,6.8,NA,NA,NA,7.6,NA
2019-02-08,Celeste-Tel/eldiario.es[134][135],1100,66.4,23.1,23.7,15.8,19.2,2.8,1.7,1.2,1.1,0.8,0.3,8.9,NA,NA,NA,0.6,NA
2019-02-08,Simple Lógica[136],1017,74.2,17.9,25.4,13.9,17,NA,NA,NA,NA,NA,NA,11.7,NA,NA,NA,7.5,NA
2019-02-01,InvyMark/laSexta[137],NA,NA,21.3,23.9,13.5,20.9,NA,NA,NA,NA,NA,NA,11.2,NA,NA,NA,2.6,NA
2019-01-30,ElectoPanel/Electomanía[138],2890,NA,20.1,23.1,14.9,19.6,NA,NA,NA,NA,NA,NA,12.1,NA,NA,NA,3.0,NA
2019-01-27,KeyData/Público[139],NA,68.7,21.5,22.3,14.8,19.8,3.1,1.6,1.1,NA,0.9,0.3,10.3,NA,NA,NA,0.8,NA
2019-01-25,NC Report/La Razón[140][141],1000,65.9,24,24.2,16.6,18.7,2.8,1.2,0.9,NA,0.7,NA,9.4,NA,NA,NA,0.2,NA
2019-01-24,GAD3/ABC[142][143],1800,NA,23,26.5,11.6,17.1,2.8,1.6,1.2,NA,0.6,0.2,9.8,NA,NA,NA,3.5,NA
2019-01-18,InvyMark/laSexta[144],NA,NA,21.5,23.2,14.4,23,NA,NA,NA,NA,NA,NA,8.9,NA,NA,NA,0.2,NA
2019-01-15,Metroscopia/Henneo[145][146][147],2332,67,19.1,23.7,17.1,17.8,NA,NA,NA,NA,NA,NA,12.1,NA,NA,NA,4.6,NA
2019-01-13,ElectoPanel/Electomanía[148],1399,NA,19.1,21.3,16.3,19.9,NA,NA,NA,1.1,NA,NA,13,NA,NA,NA,1.4,NA
2019-01-13,CIS[149](Kiko Llaneras)[d][150],2989,NA,21,24,18.6,18.6,NA,NA,NA,NA,NA,NA,7.5,NA,NA,NA,3.0,NA
2019-01-13,CIS[149](SocioMétrica)[d][151],2989,65,19.3,23.8,18,19,3.7,1.1,1.2,1.9,1.1,0.3,8.1,NA,NA,NA,4.5,NA
2019-01-13,Hamalgama Métrica/La Provincia[152][153],NA,NA,22.5,21.2,19.3,18.2,2.5,1.8,2,NA,0.6,0.2,8.7,NA,NA,NA,1.3,NA
2019-01-09,Simple Lógica[154],1042,71,18.2,25.1,14,17.9,NA,NA,NA,NA,NA,NA,11.5,NA,NA,NA,6.9,NA
2019-01-08,Celeste-Tel/eldiario.es[155][156],1100,66.8,23.8,24.1,16.1,19.6,2.8,1.5,1,0.8,0.7,0.3,8.1,NA,NA,NA,0.3,NA
2019-01-05,SocioMétrica/El Español[157][158][159],2200,NA,18.3,22.4,17.1,18.5,3.2,1.4,1.2,NA,0.9,0.3,12.5,NA,NA,NA,3.9,NA
2019-01-02,KeyData/Público[160],NA,68.1,22,22.6,15.2,20.5,2.9,1.7,1.1,NA,0.8,0.3,8.6,NA,NA,NA,0.6,NA
2018-12-27,Sigma Dos/El Mundo[161],1000,NA,19.2,22.6,NA,18.8,3.6,1,1.2,NA,NA,NA,12.9,NA,NA,NA,3.4,15.845/47
2018-12-21,InvyMark/laSexta[162],NA,NA,21.8,23.5,NA,22.7,NA,NA,NA,NA,NA,NA,7.8,NA,NA,NA,0.8,15.2
2018-12-17,Llorente & Cuenca[163][164],NA,NA,23.9,25.3,NA,19.8,3.5,1.4,NA,NA,NA,NA,7.3,NA,NA,NA,1.4,13.944/45
2018-12-16,Sigma Dos/Antena 3[165][166],1000,NA,21.2,24.1,NA,18.4,NA,NA,NA,NA,NA,NA,9.2,NA,NA,NA,2.9,16.750/54
2018-12-16,KeyData/Público[167],NA,68.4,22.3,23,NA,20.7,3,1.5,1.1,NA,0.8,0.3,7.3,NA,NA,NA,0.7,15.651
2018-12-14,SocioMétrica/El Español[168][169],900,71,21.6,22.5,NA,19,3.1,1.5,1.2,NA,0.7,0.4,8.5,NA,NA,NA,0.9,17.861
2018-12-14,GAD3/ABC[170][171],1005,NA,20.5,24.2,NA,20.7,2.8,1.8,1.2,NA,0.7,0.2,8.7,NA,NA,NA,3.5,14.238
2018-12-14,NC Report/La Razón[172][173],1000,65.7,24.4,24.8,NA,18,2.8,1.2,0.9,NA,0.6,NA,8.7,NA,NA,NA,0.4,17.250/53
2018-12-14,Simple Lógica[174],1204,68.2,18.8,23.2,NA,20.4,NA,NA,NA,NA,NA,NA,8.7,NA,NA,NA,2.8,17.7
2018-12-13,IMOP/El Confidencial[175],1036,NA,19.6,25.8,NA,20.6,3,1.6,1.2,1.6,0.9,NA,8,NA,NA,NA,5.2,15.5
2018-12-12,Metroscopia/Henneo[176][177][178][179],1895,68,18,22.2,NA,20.5,NA,NA,NA,NA,NA,NA,11.5,NA,NA,NA,1.7,17.963
2018-12-12,CIS[180](Ignacio Varela)[d][181],2984,NA,22.5,24.4,NA,19.1,3.5,1.3,1.2,2.5,0.8,NA,4,NA,NA,NA,1.9,18.361
2018-12-12,CIS[180](SocioMétrica)[d][182],2984,69.7,22.8,24.1,NA,19.8,3.7,1.2,1.3,1.4,0.9,NA,4.5,NA,NA,NA,1.3,17.6
2018-12-11,Celeste-Tel/eldiario.es[183][184],1100,66.7,24.7,25.2,NA,19.4,2.9,1.5,1,0.8,0.6,0.3,6.8,NA,NA,NA,0.5,16.248/50
2018-12-07,Target Point/OKDiario[185],NA,69,22.8,24.9,NA,20.6,NA,NA,NA,NA,NA,NA,5.9,NA,NA,NA,2.1,17.252/54
2018-12-07,InvyMark/laSexta[186][187],1200,NA,22.9,23.2,NA,22.9,NA,NA,NA,NA,NA,NA,7.3,NA,NA,NA,0.3,14.8
2018-12-05,SocioMétrica/El Español[188],NA,NA,20.3,25,NA,18.8,3.1,1.5,1.1,NA,0.7,0.3,11,NA,NA,NA,4.7,16.046
2018-12-04,ElectoPanel/Electomanía[189],1530,NA,19.1,19.3,NA,21.4,3.1,1.6,1.3,1.6,0.8,NA,10.4,NA,NA,NA,2.1,17.661
2018-11-14,Simple Lógica[190],1019,68.2,19.6,24.1,NA,22.4,NA,NA,NA,NA,NA,NA,NA,NA,NA,NA,1.7,18.1
2018-11-11,CIS[191](SocioMétrica)[d][192],2974,62.4,22.5,26.3,NA,19.8,3.6,1.2,0.9,1.8,1,0.3,3.2,NA,NA,NA,3.8,17.1
2018-11-09,Celeste-Tel/eldiario.es[193][194],1100,64.6,25.8,26.9,NA,20.4,2.8,1.6,1,0.9,0.7,0.3,1.5,NA,NA,NA,1.1,17.350/52
2018-11-09,NC Report/La Razón[195][196],1000,65.1,26.3,26.5,NA,19.9,2.9,1.4,0.9,NA,0.7,0.3,2.1,NA,NA,NA,0.2,17.047/50
2018-11-09,InvyMark/laSexta[197],NA,NA,24.2,25.4,NA,22.7,NA,NA,NA,NA,NA,NA,NA,NA,NA,NA,1.2,17.0
2018-11-07,GAD3/La Vanguardia[198],1208,72,22.3,26.6,NA,21.9,2.9,1.4,1.3,NA,0.6,0.1,3.4,NA,NA,NA,4.3,16.648
2018-10-30,KeyData/Público[199],NA,76.2,22.2,24.6,NA,21.3,3,0.8,0.5,NA,0.9,0.1,1.5,NA,NA,NA,2.4,17.556
2018-10-30,GESOP/El Periódico[200],911,NA,21.3,25.3,NA,21.8,3.3,1.5,NA,NA,NA,NA,4.3,NA,NA,NA,3.5,16.148/50
2018-10-28,PP[201],NA,NA,23.9,24.4,NA,20,NA,NA,NA,NA,NA,NA,3,NA,NA,NA,0.5,16.0
2018-10-26,InvyMark/laSexta[202],NA,NA,24.2,25.7,NA,22,NA,NA,NA,NA,NA,NA,NA,NA,NA,NA,1.5,17.3
2018-10-26,ElectoPanel/Electomanía[203],1037,NA,23.1,22,NA,21.9,3.1,1.5,1.2,1.2,0.8,0.3,3.6,NA,NA,NA,1.1,18.565
2018-10-25,Cs[204][205],NA,NA,22,26,NA,24,NA,NA,NA,NA,NA,NA,NA,NA,NA,NA,2.0,17.0
2018-10-18,Metroscopia/Henneo[206][207][208],1588,66,22.6,25.2,NA,19.2,NA,NA,NA,NA,NA,NA,5.1,NA,NA,NA,2.6,17.7
2018-10-11,NC Report/La Razón[209][210],1000,65.2,26.7,26.8,NA,19.5,3,1.4,1.1,NA,0.7,0.3,1.9,NA,NA,NA,0.1,16.845/48
2018-10-09,CIS[211](Sigma Dos)[d][212],2973,NA,23,26.2,NA,20.7,NA,NA,NA,NA,NA,NA,NA,NA,NA,NA,3.2,18.0
2018-10-09,CIS[211](Ignacio Varela)[d][213],2973,NA,23.7,25.6,NA,21.8,NA,NA,NA,NA,NA,NA,NA,NA,NA,NA,1.9,18.2
2018-10-09,CIS[211](SocioMétrica)[d][214],2973,NA,21.6,24.7,NA,22.3,2.6,1.6,0.9,1.8,1,0.3,1.5,NA,NA,NA,2.4,18.3
2018-10-09,CIS[211](Metroscopia)[d][215],2973,NA,24.4,26.2,NA,22.8,NA,NA,NA,NA,NA,NA,NA,NA,NA,NA,1.8,17.9
2018-10-05,Simple Lógica[216],1055,66.1,23.8,25.2,NA,21.6,NA,NA,NA,NA,NA,NA,NA,NA,NA,NA,1.4,17.3
2018-10-05,Celeste-Tel/eldiario.es[217][218],1100,64.4,26.3,27.7,NA,19.3,3,1.7,1.1,0.8,0.8,0.3,1,NA,NA,NA,1.4,17.447/51
2018-10-05,ElectoPanel/Electomanía[219],NA,NA,23.6,22.4,NA,22.2,3.1,1.5,1.2,1.3,0.8,0.3,2.5,NA,NA,NA,1.2,18.766
2018-10-02,Simple Lógica/eldebate.es[220][221],1000,NA,21.2,25.3,NA,23.1,NA,NA,NA,2.2,NA,NA,2,NA,NA,NA,2.2,15.9
2018-09-28,InvyMark/laSexta[222],NA,NA,24.6,24.6,NA,22.3,NA,NA,NA,NA,NA,NA,NA,NA,NA,NA,Tie,17.8
2018-09-19,DYM/El Independiente[223][224],1017,NA,23.4,26.5,NA,22.7,NA,NA,NA,NA,NA,NA,3,NA,NA,NA,3.1,16.2
2018-09-19,Metroscopia/Henneo[225][226][227],1095,63,22.8,27.7,NA,20.8,NA,NA,NA,NA,NA,NA,NA,NA,NA,NA,4.9,15.1
2018-09-14,InvyMark/laSexta[228],NA,NA,24.1,25,NA,22.1,NA,NA,NA,NA,NA,NA,NA,NA,NA,NA,0.9,18.6
2018-09-11,IMOP/El Confidencial[229],1012,71.5,20.3,26.5,NA,23.9,2.8,1.5,1.2,2.1,0.7,NA,3,NA,NA,NA,2.6,15.4
2018-09-11,CIS[230](Dialoga Consultores)[d][231],2972,NA,23.4,26.6,NA,20,3.3,1.6,1.1,0.9,0.9,0.2,1.1,NA,NA,NA,3.2,17.9
2018-09-11,CIS[230](Ignacio Varela)[d][232],2972,NA,24,25.2,NA,20.3,3.5,2.3,1.1,NA,0.8,0.2,NA,NA,NA,NA,1.2,17.655
2018-09-11,CIS[230](Metroscopia)[d][233],2972,NA,24.9,26.1,NA,20.3,NA,NA,NA,NA,NA,NA,NA,NA,NA,NA,1.2,17.8
2018-09-11,CIS[230](SocioMétrica)[d][234][235],2972,NA,23.5,25.6,NA,20.1,3.2,1.4,1.1,NA,0.9,NA,NA,NA,NA,NA,2.1,17.6
2018-09-09,ElectoPanel/Electomanía[236],1050,NA,24.6,24.9,NA,19.8,3,1.6,1.3,1.3,0.8,0.3,1.6,NA,NA,NA,0.3,17.861
2018-09-07,Simple Lógica[237],1010,68.8,21.1,24.8,NA,23.2,NA,NA,NA,NA,NA,NA,NA,NA,NA,NA,1.6,16.6
2018-09-07,Celeste-Tel/eldiario.es[238][218],1100,64.2,26.4,28.2,NA,18.7,3,1.7,1.1,0.8,0.8,0.3,0.7,NA,NA,NA,1.8,17.143/51
2018-09-07,GAD3/ABC[239][240],1001,NA,25.9,27,NA,20.6,2.8,1.9,1.1,NA,0.7,NA,1.5,NA,NA,NA,1.1,15.943
2018-08-31,NC Report/La Razón[241][242],1000,64.6,27.5,27.8,NA,18.8,3,1.5,1.1,NA,0.8,0.3,1.4,NA,NA,NA,0.3,16.043/47
2018-08-30,SocioMétrica/El Español[243],1200,NA,22.6,25.8,NA,23.1,3,1.5,1.3,1.5,0.7,0.5,1.8,NA,NA,NA,2.7,16.548
2018-08-20,JM&A/Público[244],NA,69.8,21.2,26.3,NA,22,2.8,2.2,1.4,NA,0.8,0.3,2.5,NA,NA,NA,4.3,16.849
2018-08-10,JM&A/Público[245],NA,69,21.4,26.4,NA,22,2.7,2.2,1.4,NA,0.8,0.3,2.3,NA,NA,NA,4.4,16.8
2018-08-07,Celeste-Tel/eldiario.es[246][218],1100,64.3,25.5,28,NA,19.4,3,1.6,1.1,NA,0.9,0.3,0.6,NA,NA,NA,2.5,17.348/53
2018-08-03,Simple Lógica[247],1029,65.8,24.4,25.5,NA,23.4,NA,NA,NA,NA,NA,NA,NA,NA,NA,NA,1.1,15.3
2018-08-03,ElectoPanel/Electomanía[248],1100,NA,22.9,24.7,NA,21.2,3.3,1.4,1.3,1.6,0.8,NA,1,NA,NA,NA,1.8,18.765
2018-07-27,NC Report/La Razón[249][250][251],1000,62.4,26.7,27.4,NA,19.2,3.1,1.5,1.2,NA,0.8,0.3,1.4,NA,NA,NA,0.7,15.847/49
2018-07-27,InvyMark/laSexta[252],NA,NA,24.4,26,NA,21.1,NA,NA,NA,NA,NA,NA,NA,NA,NA,NA,1.6,18.3
2018-07-26,GAD3/ABC[253][254][255],804,70,26.2,27.9,NA,19.6,3,1.9,1.1,1.4,0.8,0.3,0.9,NA,NA,NA,1.7,15.140
2018-07-25,Demoscopia Servicios/OKDiario[256],1080,NA,27.1,25.3,NA,20.8,2.5,1.8,1.3,NA,0.7,0.6,NA,NA,NA,NA,1.8,16.852
2018-07-25,Metroscopia/Henneo[257][258][259],2260,64,24.4,26.6,NA,20.1,NA,NA,NA,NA,NA,NA,NA,NA,NA,NA,2.2,16.1
2018-07-22,ElectoPanel/Electomanía[260],2848,NA,21,26.1,NA,20.8,3.1,1.4,1.3,1.7,0.9,NA,1.7,NA,NA,NA,5.1,18.565
2018-07-13,InvyMark/laSexta[261],NA,NA,23.4,26.5,NA,21.9,NA,NA,NA,NA,NA,NA,NA,NA,NA,NA,3.1,18.1
2018-07-12,Sigma Dos/El Mundo[262],1000,NA,22.3,26.3,NA,24.2,3.2,1.2,1.1,NA,NA,NA,NA,NA,NA,NA,2.1,16.1
2018-07-11,Top Position/Merca2[263],1200,NA,23.5,23.8,NA,22.1,3.5,NA,NA,NA,NA,NA,1.8,NA,NA,NA,0.3,17.1
2018-07-10,JM&A/Público[264],NA,69.8,19.7,26.4,NA,23.6,2.4,2.4,1.5,NA,0.7,0.4,2.4,NA,NA,NA,2.8,17.555
2018-07-10,CIS[265][266][267][268],2485,NA,20.4,29.9,NA,20.4,3.9,1.3,1.2,NA,0.6,0.2,NA,NA,NA,NA,9.5,15.644
2018-07-06,Simple Lógica[269],1048,68,18.7,27.2,NA,26,NA,NA,NA,NA,NA,NA,NA,NA,NA,NA,1.2,17.3
2018-07-06,Celeste-Tel/eldiario.es[270][218],1100,63.4,24.2,27.1,NA,20.6,3.1,1.6,1.1,1.1,0.9,0.3,0.5,NA,NA,NA,2.9,17.751/56
2018-06-30,NC Report/La Razón[271][272],1000,62.4,25.2,26.3,NA,20.6,3.1,1.4,1.2,NA,0.8,0.3,NA,NA,NA,NA,1.1,16.249/52
2018-06-22,SocioMétrica/El Español[273],1000,NA,19.5,23.9,NA,25.3,2.9,1.3,1.3,1.6,0.8,0.5,2.1,NA,NA,NA,1.4,16.957
2018-06-22,InvyMark/laSexta[274],NA,NA,22.9,26.7,NA,22.1,NA,NA,NA,NA,NA,NA,NA,NA,NA,NA,3.8,17.9
2018-06-13,GESOP/El Periódico[275][276],800,NA,21,28.6,NA,22.8,2.6,1.6,NA,NA,NA,NA,NA,NA,NA,NA,5.8,16.647/50
2018-06-12,DYM/El Independiente[277][278],1019,NA,24.9,27.1,NA,20.6,NA,NA,NA,NA,NA,NA,NA,NA,NA,NA,2.2,14.6
2018-06-09,NC Report/La Razón[279][280],1200,60.6,25.5,24.9,NA,21,3.1,1.5,1.2,NA,0.8,0.3,1.3,NA,NA,NA,0.6,16.750/53
2018-06-08,JM&A/Público[281][282],NA,70.3,18.1,23.5,NA,25.8,2.1,2.7,1.7,NA,0.6,0.4,2.5,NA,NA,NA,2.3,19.566
2018-06-08,GAD3/ABC[283][284],800,72,25.6,28.8,NA,21.1,3.2,1.6,1,1.4,0.8,0.3,1.1,NA,NA,NA,3.2,13.134
2018-06-08,Simple Lógica[285],1030,69.7,20.6,26.7,NA,25.7,NA,NA,NA,NA,NA,NA,NA,NA,NA,NA,1.0,16.5
2018-06-08,Celeste-Tel/eldiario.es[286][287][218],1100,62.1,24.3,25.8,NA,21.1,3,1.5,1.2,1.3,0.9,0.3,0.4,NA,NA,NA,1.5,17.450/54
2018-06-08,InvyMark/laSexta[288],NA,NA,23.7,25.1,NA,22.2,NA,NA,NA,NA,NA,NA,NA,NA,NA,NA,1.4,17.3
2018-06-07,ElectoPanel/Electomanía[289],846,NA,17.1,25.2,NA,22.5,3,1.3,1.3,2.1,1.2,0.3,2.1,NA,NA,NA,2.7,20.573
2018-06-02,ElectoPanel/Electomanía[290],2043,NA,18,22,NA,24.2,2.9,1.4,1.2,NA,1.3,0.3,2.5,NA,NA,NA,2.2,20.973
2018-05-29,InvyMark/laSexta[291],NA,NA,23.5,22.6,NA,26.4,NA,NA,NA,NA,NA,NA,NA,NA,NA,NA,2.9,17.3
2018-05-28,ElectoPanel/Electomanía[292],1425,NA,17.9,23,NA,24,3,1.7,1.3,NA,1.1,0.3,3.1,NA,NA,NA,1.0,20.171
2018-05-28,IMOP/El Confidencial[293],1015,70,19.6,20.6,NA,28.6,2.4,1.8,1.2,NA,0.7,NA,NA,NA,NA,NA,8.0,19.7
2018-05-26,SocioMétrica/El Español[294],1700,NA,16.8,20.3,NA,28.5,3.3,1.5,1.4,1.5,1,0.4,1.9,NA,NA,NA,8.2,19.366
2018-05-25,NC Report/La Razón[295][296],1000,62.5,25.6,23.6,NA,24.4,2.9,1.4,1.1,NA,0.8,0.3,1.2,NA,NA,NA,1.2,15.847/51
2018-05-10,Simple Lógica[297],1067,67.3,20.9,20.1,NA,29.6,NA,NA,NA,NA,NA,NA,NA,NA,NA,NA,8.7,17.2
2018-05-09,Metroscopia/El País[298][299][300],1726,65,19.5,19,NA,29.1,NA,NA,NA,NA,NA,NA,NA,NA,NA,NA,9.3,19.864
2018-05-07,Celeste-Tel/eldiario.es[286][218],1100,62.7,24.7,24.2,NA,23.5,NA,NA,NA,NA,NA,NA,0.4,NA,NA,NA,0.5,16.9
2018-04-30,Celeste-Tel/PSOE[301],1000,62.7,26,24.9,NA,19.7,3.6,1.5,1.2,NA,0.8,0.3,NA,NA,NA,NA,1.1,17.754
2018-04-18,GESOP/El Periódico[302],1000,NA,21,20.5,NA,28.5,3,2,NA,NA,NA,NA,NA,NA,NA,NA,7.5,18.155/59
2018-04-13,InvyMark/laSexta[303],NA,NA,24.8,22.3,NA,25.2,NA,NA,NA,NA,NA,NA,NA,NA,NA,NA,0.4,17.1
2018-04-13,NC Report/La Razón[304][305],1000,63,26.3,23.5,NA,24.3,2.9,1.4,1.1,NA,0.8,0.3,0.9,NA,NA,NA,2.0,16.246/49
2018-04-10,CIS (JM&A)[d][306],2466,67.1,24.4,20.9,NA,24.6,2.9,1.9,0.8,NA,0.6,NA,NA,NA,NA,NA,0.2,19.6
2018-04-10,CIS (SocioMétrica)[d][307],2466,NA,23.8,20.7,NA,25.3,2.9,1.6,1.4,NA,0.7,0.1,NA,NA,NA,NA,1.5,18.5
2018-04-10,CIS[308][309][310],2466,NA,24,22,NA,22.4,3,1.7,1.3,NA,0.6,0.3,NA,NA,NA,NA,1.6,19.663
2018-04-09,Simple Lógica[311],1062,66.9,19,20.2,NA,29.9,NA,NA,NA,NA,NA,NA,NA,NA,NA,NA,9.7,17.6
2018-04-06,Celeste-Tel/eldiario.es[312][218],1100,NA,24.9,24.1,NA,24,2.9,1.5,1.2,1.3,0.9,0.3,0.3,NA,NA,NA,0.8,16.648/51
2018-04-05,Metroscopia/El País[313][314],1278,65,20.4,19.1,NA,28.7,NA,NA,NA,NA,NA,NA,NA,NA,NA,NA,8.3,18.3
2018-04-01,JM&A/Público[315],NA,68.5,22.4,20.4,NA,26.4,2.9,2.2,1.6,NA,0.8,0.4,NA,NA,NA,NA,4.0,18.159
2018-03-29,SocioMétrica/El Español[316],1000,72,21.9,19.4,NA,27.4,4,1.5,1.1,NA,0.9,0.5,1.5,NA,NA,NA,5.5,16.247
2018-03-27,Sigma Dos/El Mundo[317],1000,NA,23.3,19.7,NA,26.7,3.3,1.3,1.2,NA,NA,NA,NA,NA,NA,NA,3.4,18.4
2018-03-16,MyWord/Cadena SER[318][319],1002,NA,24.7,20.4,NA,23.8,NA,NA,NA,NA,NA,NA,NA,NA,NA,NA,0.9,16.0
2018-03-16,InvyMark/laSexta[320],NA,NA,25.1,22.6,NA,25,2.4,2.4,1.2,NA,NA,NA,NA,NA,NA,NA,0.1,16.8
2018-03-14,GAD3/La Vanguardia[321][322],1008,69,23.8,22.1,NA,27.3,2.9,1.6,1.4,NA,0.6,0.3,NA,NA,NA,NA,3.5,16.752/53
2018-03-07,Simple Lógica[323],1076,67.5,20,21,NA,29.6,NA,NA,NA,NA,NA,NA,NA,NA,NA,NA,8.6,17.3
2018-03-07,Celeste-Tel/eldiario.es[218][324][325],1100,63.7,26.6,24.3,NA,23.5,2.6,1.6,1.3,1.2,0.9,0.3,0.3,NA,NA,NA,2.3,16.245/48
2018-03-05,Metroscopia/El País[326][327],1175,66,21.5,19.4,NA,28.9,NA,NA,NA,NA,NA,NA,NA,NA,NA,NA,7.4,17.0
2018-03-02,InvyMark/laSexta[328],NA,NA,26,23.1,NA,24,NA,NA,NA,NA,NA,NA,NA,NA,NA,NA,2.0,16.5
2018-03-02,NC Report/La Razón[329][330],1000,62,27.9,24,NA,22.1,2.8,1.5,1.2,NA,0.8,0.3,0.7,NA,NA,NA,3.9,15.843/46
2018-02-27,IMOP/El Confidencial[331][332],1402,72.5,21.4,21.5,NA,28.5,3,1.7,1.1,2,0.8,NA,NA,NA,NA,NA,7.0,17.052
2018-02-16,InvyMark/laSexta[333],NA,NA,25.9,22.8,NA,23.8,NA,NA,NA,NA,NA,NA,NA,NA,NA,NA,2.1,16.5
2018-02-14,MyWord/Cadena SER[334][335],1000,NA,24.5,21.3,NA,22.1,NA,NA,NA,NA,NA,NA,NA,NA,NA,NA,2.4,16.6
2018-02-11,JM&A/Público[336],NA,68.5,23.7,22.4,NA,24.6,3,2.2,1.6,NA,0.8,0.4,NA,NA,NA,NA,0.9,17.051
2018-02-09,Celeste-Tel/eldiario.es[337][338][218],1100,63.1,28.9,25.5,NA,19.3,2.7,1.6,1.3,1.2,0.9,0.3,0.2,NA,NA,NA,3.4,16.547/52
2018-02-08,Metroscopia/El País[339][340],1321,70,21.9,20.1,NA,28.3,NA,NA,NA,NA,NA,NA,NA,NA,NA,NA,6.4,16.8
2018-02-07,Simple Lógica[341],1065,68.4,22.2,21.4,NA,28.7,NA,NA,NA,NA,NA,NA,NA,NA,NA,NA,6.5,17.0
2018-02-07,GAD3/ABC[342][343],1002,NA,25.8,23.7,NA,25.6,2.9,1.8,1.2,NA,0.8,0.3,NA,NA,NA,NA,0.2,14.842/44
2018-01-31,Cs[344],NA,NA,23.3,24.1,NA,25,NA,NA,NA,NA,NA,NA,NA,NA,NA,NA,0.9,16.9
2018-01-26,InvyMark/laSexta[345],NA,NA,26.1,23,NA,23.4,NA,NA,NA,NA,NA,NA,NA,NA,NA,NA,2.7,16.2
2018-01-14,CIS (JM&A)[d][346],2477,68.4,26.6,21.8,NA,22,NA,NA,NA,NA,NA,NA,NA,NA,NA,NA,4.6,17.8
2018-01-14,CIS (SocioMétrica)[d][344],2477,NA,25.5,21.5,NA,23.2,NA,NA,NA,NA,NA,NA,NA,NA,NA,NA,2.3,17.7
2018-01-14,CIS[347][348][349],2477,NA,26.3,23.1,NA,20.7,3.4,2,1.2,NA,0.8,0.2,NA,NA,NA,NA,3.2,19.059
2018-01-11,Metroscopia/El País[350][351][352][353],1332,70,23.2,21.6,NA,27.1,NA,NA,NA,NA,NA,NA,NA,NA,NA,NA,3.9,15.155
2018-01-11,GAD3/ABC[354],800,71,24.7,24.2,NA,26.2,2.9,1.9,1.3,NA,0.7,0.3,NA,NA,NA,NA,1.5,14.742/44
2018-01-08,Simple Lógica[355],1079,68.5,21.8,23.4,NA,24.1,NA,NA,NA,NA,NA,NA,NA,NA,NA,NA,0.7,17.8
2018-01-05,Celeste-Tel/eldiario.es[356][357][218],1100,61.9,29.8,25.1,NA,18.6,2.5,1.7,1.2,1.2,0.9,0.3,0.2,NA,NA,NA,4.7,16.949/54
2017-12-30,NC Report/La Razón[358],1000,59.8,30,23.8,NA,18.8,3,1.3,1.1,NA,0.8,0.3,0.7,NA,NA,NA,6.2,16.149/55
2017-12-29,InvyMark/laSexta[359],NA,NA,27.6,23.3,NA,22.4,2.3,2.3,NA,NA,NA,NA,NA,NA,NA,NA,4.3,15.7
2017-12-29,SocioMétrica/El Español[360][361][362],1000,76.7,24.1,22.5,NA,23.9,3.5,1.9,1.1,1.4,0.7,0.5,1.7,NA,NA,NA,0.2,16.249
2017-12-26,JM&A/Público[363],NA,66.4,25.8,23,NA,22.4,2.9,1.9,1.4,NA,0.8,0.3,NA,NA,NA,NA,2.8,17.656
2017-12-13,Simple Lógica[364],1077,70.1,24.8,23.8,NA,22.8,NA,NA,NA,NA,NA,NA,NA,NA,NA,NA,1.0,16.3
2017-12-07,Celeste-Tel/eldiario.es[365],1100,61.1,30.2,24.7,NA,17.7,NA,NA,NA,NA,NA,NA,NA,NA,NA,NA,5.5,17.4
2017-11-17,InvyMark/laSexta[366],NA,NA,30.1,25.3,NA,16.4,2.8,1.6,NA,NA,NA,NA,NA,NA,NA,NA,4.8,17.0
2017-11-10,Celeste-Tel/eldiario.es[367][368],1100,60.2,30.3,24.2,NA,17.5,2.7,1.3,1.2,1.3,0.9,0.3,NA,NA,NA,NA,6.1,17.750/55
2017-11-08,Metroscopia/El País[369][370],1730,70,26.1,22.7,NA,22.7,NA,NA,NA,NA,NA,NA,NA,NA,NA,NA,3.4,14.7
2017-11-08,Simple Lógica[371],1071,70.3,27.1,24.8,NA,21.6,NA,NA,NA,NA,NA,NA,NA,NA,NA,NA,2.3,15.1
2017-11-03,SocioMétrica/El Español[372][373],800,NA,27.5,24.8,NA,20.6,2.1,1.7,1,NA,0.6,0.3,2,NA,NA,NA,2.7,15.745
2017-11-02,InvyMark/laSexta[374],1200,NA,30.3,25.1,NA,15.8,NA,NA,NA,NA,NA,NA,NA,NA,NA,NA,5.2,17.5
2017-10-26,Sigma Dos/El Mundo[375][376],1250,NA,31.4,26,NA,16.7,3,1.4,1.4,NA,NA,NA,NA,NA,NA,NA,5.4,15.3
2017-10-20,InvyMark/laSexta[377],1100,NA,30,24.9,NA,14.6,NA,NA,NA,NA,NA,NA,NA,NA,NA,NA,5.1,19.5
2017-10-14,JM&A/Público[378],NA,67.8,27.6,22,NA,18.2,2.8,1.8,1.3,NA,0.7,0.3,NA,NA,NA,NA,5.6,21.068
2017-10-14,NC Report/La Razón[379][380],1000,58.7,31.4,22,NA,17.8,3,1.3,1.1,NA,0.8,0.3,0.6,NA,NA,NA,9.4,17.554/58
2017-10-11,CIS (SocioMétrica)[d][381],2487,NA,27.2,24.9,NA,18.7,2.9,1.4,1.4,1.1,0.7,0.3,NA,NA,NA,NA,2.3,15.5
2017-10-11,CIS[382][383][384],2487,NA,28,24.2,NA,17.5,2.7,1.6,1.3,NA,0.7,0.3,NA,NA,NA,NA,3.8,18.556
2017-10-11,DYM/El Confidencial[385],982,NA,29.9,24,NA,17.5,NA,NA,NA,NA,NA,NA,NA,NA,NA,NA,5.9,16.9
2017-10-10,Celeste-Tel/eldiario.es[386][387],1100,59.4,30.6,23.6,NA,17.2,2.8,1.3,1.2,1.4,0.9,0.3,NA,NA,NA,NA,7.0,18.152/58
2017-10-10,Simple Lógica[388],1053,67.7,27.7,24.2,NA,20.7,NA,NA,NA,NA,NA,NA,NA,NA,NA,NA,3.5,16.6
2017-10-06,GAD3/ABC[389],1238,NA,29.8,21.8,NA,19.5,3.1,1.8,1.2,NA,1,0.3,NA,NA,NA,NA,8.0,17.955
2017-09-15,InvyMark/laSexta[390],NA,NA,30.2,24.5,NA,14.1,NA,NA,NA,NA,NA,NA,NA,NA,NA,NA,5.7,20.0
2017-09-14,Simple Lógica[391],1078,68.1,30.1,25,NA,15.8,NA,NA,NA,NA,NA,NA,NA,NA,NA,NA,5.1,18.8
2017-09-08,GAD3/ABC[392][393],1000,69,31.9,23.9,NA,15.8,3.5,1.3,1.4,NA,0.7,0.3,NA,NA,NA,NA,8.0,18.357
2017-09-08,Celeste-Tel/eldiario.es[394][395],1100,60.1,30.9,25.4,NA,14.9,2.9,1.3,1.2,1.3,0.9,0.3,NA,NA,NA,NA,5.5,18.759/63
2017-09-07,MyWord/Cadena SER[396][397],1003,NA,30.9,26.1,NA,14.1,NA,NA,NA,NA,NA,NA,NA,NA,NA,NA,4.8,17.5
2017-09-07,Sigma Dos/El Mundo[398],1000,NA,30.8,26.4,NA,12.7,2.3,1.3,1.2,NA,NA,NA,NA,NA,NA,NA,4.4,19.5
2017-09-01,JM&A/Público[399],NA,67.4,28.1,23.4,NA,17.4,2.9,1.9,1.4,NA,0.7,0.3,NA,NA,NA,NA,4.7,20.064
2017-08-10,Simple Lógica[391],NA,NA,30.8,25,NA,13.7,NA,NA,NA,NA,NA,NA,NA,NA,NA,NA,5.8,18.8
2017-08-07,Celeste-Tel/eldiario.es[400][401],1100,59.8,31.1,25,NA,14.9,2.9,1.4,1.2,1.3,0.9,0.3,NA,NA,NA,NA,6.1,18.960/63
2017-07-31,Redondo & Asociados[402],NA,NA,28.7,23.8,NA,14.3,NA,NA,NA,NA,NA,NA,NA,NA,NA,NA,4.9,19.6
2017-07-18,Metroscopia/El País[403][404],1700,69,26.9,22,NA,18.5,NA,NA,NA,NA,NA,NA,NA,NA,NA,NA,4.9,19.7
2017-07-14,InvyMark/laSexta[405],NA,NA,30.7,23.4,NA,13.6,NA,NA,NA,NA,NA,NA,NA,NA,NA,NA,7.3,21.3
2017-07-12,MyWord/Cadena SER[406][407],1003,NA,29.2,23.6,NA,14.5,NA,NA,NA,NA,NA,NA,NA,NA,NA,NA,5.6,19.0
2017-07-10,Simple Lógica[408],1003,69.8,27.2,24.1,NA,17.2,NA,NA,NA,NA,NA,NA,NA,NA,NA,NA,3.1,20.4
2017-07-10,CIS[409][410][411][412],2490,NA,28.8,24.9,NA,14.5,2.9,1.7,1,NA,0.8,0.4,NA,NA,NA,NA,3.9,20.370
2017-07-09,NC Report/La Razón[413][414],1000,58.2,34.2,22.3,NA,13.9,2.9,1.2,1,NA,0.9,0.3,0.4,NA,NA,NA,11.9,19.165/68
2017-07-07,Celeste-Tel/eldiario.es[415][416],1100,59.3,31.6,24.4,NA,15.1,2.9,1.3,1.1,1.4,0.8,0.3,NA,NA,NA,NA,7.2,18.860/63
2017-07-05,JM&A/Público[417],NA,68.6,29.2,25.5,NA,15.3,2.8,1.9,1.1,NA,0.9,0.3,NA,NA,NA,NA,3.7,18.558
2017-06-30,InvyMark/laSexta[418],NA,NA,30,24.2,NA,13.8,NA,NA,NA,NA,NA,NA,NA,NA,NA,NA,5.8,21.1
2017-06-28,Metroscopia/El País[419][420][421],1017,69,25.5,21.6,NA,18.8,NA,NA,NA,NA,NA,NA,NA,NA,NA,NA,3.9,20.6
2017-06-28,DYM/El Confidencial[422],1219,NA,30.9,25,NA,15.8,NA,NA,NA,NA,NA,NA,NA,NA,NA,NA,5.9,17.5
2017-06-16,InvyMark/laSexta[423],NA,NA,30.4,23.6,NA,14.2,NA,NA,NA,NA,NA,NA,NA,NA,NA,NA,6.8,21.0
2017-06-16,SocioMétrica/El Español[424][425],800,NA,26.7,24.2,NA,18.1,3.3,2,1.2,NA,0.9,0.5,NA,NA,NA,NA,2.5,19.158
2017-06-09,Simple Lógica[426],1004,70.5,29.9,25.3,NA,16.8,NA,NA,NA,NA,NA,NA,NA,NA,NA,NA,4.6,18.6
2017-06-09,InvyMark/laSexta[427],NA,NA,30.9,23,NA,14.3,NA,NA,NA,NA,NA,NA,NA,NA,NA,NA,7.9,20.9
2017-06-07,Celeste-Tel/eldiario.es[428][429],1100,59.1,31.9,23.5,NA,14.5,2.8,1.4,1.2,1.6,1,0.3,NA,NA,NA,NA,8.4,19.061/64
2017-06-01,MyWord/Cadena SER[430][431],1008,NA,28.6,24.8,NA,15.7,NA,NA,NA,NA,NA,NA,NA,NA,NA,NA,3.8,18.9
2017-06-01,GAD3/ABC[432],805,65,30.7,25.9,NA,15.4,2.9,1.5,1.4,NA,0.8,0.3,NA,NA,NA,NA,4.8,17.856
2017-06-01,Metroscopia/El País[433][434][435],1768,69,25.9,22.8,NA,18.7,NA,NA,NA,NA,NA,NA,NA,NA,NA,NA,3.1,19.2
2017-06-01,NC Report/La Razón[436][437],1000,58.4,36,20.5,NA,12.6,2.8,1.5,1.1,NA,0.9,0.3,0.3,NA,NA,NA,15.5,20.266/71
2017-05-26,InvyMark/laSexta[438],NA,NA,31.2,22.8,NA,14.1,NA,NA,NA,NA,NA,NA,NA,NA,NA,NA,8.4,20.8
2017-05-22,Redondo & Asociados[439],NA,NA,29,23,NA,16,NA,NA,NA,NA,NA,NA,NA,NA,NA,NA,6.0,22.0
2017-05-19,InvyMark/laSexta[440],NA,NA,31.7,22,NA,14.2,NA,NA,NA,NA,NA,NA,NA,NA,NA,NA,9.7,21.2
2017-05-12,Simple Lógica[441],1002,65.1,30.9,22.3,NA,14.8,NA,NA,NA,NA,NA,NA,NA,NA,NA,NA,8.6,19.8
2017-05-10,Sigma Dos/El Mundo[442],1200,NA,31.1,23.5,NA,14.3,2.6,1,1.2,NA,NA,NA,NA,NA,NA,NA,7.6,21.6
2017-05-05,Celeste-Tel/eldiario.es[443],1100,57.8,34.8,22.5,NA,12.7,2.8,1.5,1.2,1.2,0.9,0.3,NA,NA,NA,NA,12.3,19.367/68
2017-05-05,InvyMark/laSexta[444],NA,NA,32,21.7,NA,13.8,NA,NA,NA,NA,NA,NA,NA,NA,NA,NA,10.3,21.6
2017-05-02,JM&A/Público[445],NA,68.3,27,22.7,NA,17.1,2.7,1.8,1.1,NA,0.9,0.3,NA,NA,NA,NA,4.3,21.874
2017-04-12,SocioMétrica/El Español[446][447],800,NA,31.6,21.2,NA,16.7,2.8,1.9,1.3,NA,0.8,0.4,NA,NA,NA,NA,10.4,19.459
2017-04-11,NC Report/La Razón[448][449],1000,58,36.8,21,NA,11.8,2.7,1.5,1,NA,0.9,0.3,0.2,NA,NA,NA,15.8,20.265/68
2017-04-10,Simple Lógica[450],1008,68.1,30.8,23.8,NA,13.9,NA,NA,NA,NA,NA,NA,NA,NA,NA,NA,7.0,19.3
2017-04-08,CIS[451][452][453],2492,NA,31.5,19.9,NA,14.9,2.9,2,1.1,NA,1.1,0.3,NA,NA,NA,NA,11.6,19.765
2017-04-07,Celeste-Tel/eldiario.es[454][455],1100,58,35.1,22.3,NA,12.9,2.8,1.5,1.1,1.3,0.9,0.3,NA,NA,NA,NA,12.8,19.266/67
2017-04-06,Metroscopia/El País[456][457][458],3166,69,30.2,20.2,NA,17.4,NA,NA,NA,NA,NA,NA,NA,NA,NA,NA,9.5,20.7
2017-03-31,InvyMark/laSexta[459],NA,NA,33.2,21.4,NA,12.9,NA,NA,NA,NA,NA,NA,NA,NA,NA,NA,11.8,21.4
2017-03-26,MyWord/Cadena SER[460][461],1055,NA,30.7,22.6,NA,14,NA,NA,NA,NA,NA,NA,NA,NA,NA,NA,8.1,20.3
2017-03-17,InvyMark/laSexta[462],NA,NA,32.6,21,NA,13.4,NA,NA,NA,NA,NA,NA,NA,NA,NA,NA,10.7,21.9
2017-03-17,NC Report/La Razón[463][464],1000,58.5,37,20.8,NA,11.3,2.7,1.6,1.1,NA,1,0.3,0.3,NA,NA,NA,16.2,20.264/68
2017-03-15,DYM/El Confidencial[465],1010,NA,31,20,NA,16.2,NA,NA,NA,NA,NA,NA,NA,NA,NA,NA,11.0,19.9
2017-03-12,JM&A/Público[466],NA,64.7,31.2,18.2,NA,16.2,2.6,2.2,1.3,NA,0.9,0.4,NA,NA,NA,NA,7.5,23.781
2017-03-09,Metroscopia/El País[467][468][469],1230,68,31.2,19,NA,16.5,NA,NA,NA,NA,NA,NA,NA,NA,NA,NA,9.7,21.5
2017-03-09,Simple Lógica[470],1006,66.1,29.9,20.9,NA,15.7,NA,NA,NA,NA,NA,NA,NA,NA,NA,NA,9.0,20.0
2017-03-07,Celeste-Tel/eldiario.es[471][472],1100,58.1,35.6,22.1,NA,12.1,2.8,1.6,1.2,1.4,0.9,0.3,NA,NA,NA,NA,13.5,19.365/66
2017-03-03,InvyMark/laSexta[473],NA,NA,33.2,21.3,NA,12.8,NA,NA,NA,NA,NA,NA,NA,NA,NA,NA,11.7,21.5
2017-03-02,Sigma Dos/El Mundo[474],1000,NA,34.3,20.2,NA,12.6,2.6,1.6,1.3,NA,NA,NA,NA,NA,NA,NA,12.6,21.7
2017-02-22,GESOP/El Periódico[475][476],1000,NA,32.2,21.1,NA,14,2.8,1.4,NA,NA,NA,NA,NA,NA,NA,NA,10.5,21.771/74
2017-02-17,SocioMétrica/El Español[477][478],800,NA,32.5,18.6,NA,15.4,3,1.5,1.4,NA,0.9,0.3,NA,NA,NA,NA,12.3,20.263
2017-02-17,InvyMark/laSexta[479],NA,NA,33.3,21.1,NA,12.5,NA,NA,NA,NA,NA,NA,NA,NA,NA,NA,11.3,22.0
2017-02-13,JM&A/Público[480],NA,64,32.7,18,NA,14.4,NA,NA,NA,NA,NA,NA,NA,NA,NA,NA,8.5,24.2
2017-02-10,Simple Lógica[481],1005,68.1,31,21.4,NA,13.7,NA,NA,NA,NA,NA,NA,NA,NA,NA,NA,8.4,22.6
2017-02-07,Celeste-Tel/eldiario.es[482][483],1100,58.4,35.7,21.3,NA,12.1,2.8,1.8,1.2,1.4,0.9,0.3,NA,NA,NA,NA,14.4,19.765/68
2017-02-06,MyWord/Cadena SER[484][485],1000,NA,32.7,21.8,NA,12.6,NA,NA,NA,NA,NA,NA,NA,NA,NA,NA,10.9,20.5
2017-02-02,NC Report/La Razón[486][487],1000,58,36.8,19.9,NA,11.5,2.7,1.8,1.1,NA,1,0.3,0.3,NA,NA,NA,16.0,20.865/69
2017-02-02,GAD3/ABC[488],805,62,34.2,20.4,NA,13.8,2.8,1.6,1.2,NA,0.8,0.3,NA,NA,NA,NA,13.4,20.870
2017-01-27,InvyMark/laSexta[489],NA,NA,34.1,20.6,NA,11.7,NA,NA,NA,NA,NA,NA,NA,NA,NA,NA,11.5,22.6
2017-01-13,Simple Lógica[481],NA,NA,33.4,18.2,NA,14.7,NA,NA,NA,NA,NA,NA,NA,NA,NA,NA,10.8,22.6
2017-01-13,InvyMark/laSexta[490],NA,NA,34.3,20.2,NA,11.3,2.6,1.6,1.2,NA,NA,NA,NA,NA,NA,NA,11.4,22.9
2017-01-12,Metroscopia/El País[491][492][493],1578,68,33.2,19.1,NA,15.5,NA,NA,NA,NA,NA,NA,NA,NA,NA,NA,11.5,21.7
2017-01-12,CIS[494][495][496],2490,NA,33,18.6,NA,12.4,3,1.7,1.8,NA,0.9,0.2,NA,NA,NA,NA,11.3,21.779
2017-01-09,Celeste-Tel/eldiario.es[497][498],1100,58.7,35.9,20.7,NA,12.4,2.8,1.9,1.2,1.4,0.9,0.3,NA,NA,NA,NA,15.2,20.366/69
2017-01-04,GIPEyOP/Mediaflows[499],5414,NA,34.9,19.9,NA,13.3,2.9,1.8,1.3,NA,1,0.3,NA,NA,NA,NA,14.3,20.6
2017-01-02,JM&A/Público[500],NA,63.4,32.1,17.4,NA,14.8,2.7,2.2,1.3,NA,0.9,0.4,NA,NA,NA,NA,7.3,24.891
2016-12-29,Sigma Dos/El Mundo[501],1000,NA,34.8,19.4,NA,12.6,2.7,1.7,1.2,NA,NA,NA,NA,NA,NA,NA,12.3,22.5
2016-12-29,SocioMétrica/El Español[502][503],800,NA,33,18.8,NA,15.5,2.7,1.2,1.5,NA,0.8,0.3,NA,NA,NA,NA,11.9,21.169
2016-12-23,InvyMark/laSexta[504],NA,NA,34.5,20.4,NA,11.8,NA,NA,NA,NA,NA,NA,NA,NA,NA,NA,12.1,22.4
2016-12-20,Redondo & Asociados[505],NA,NA,34,20,NA,12,NA,NA,NA,NA,NA,NA,NA,NA,NA,NA,12.0,22.0
2016-12-17,NC Report/La Razón[506][507],1000,57.8,36.9,19.3,NA,11.6,2.7,1.8,1.1,NA,1,0.3,0.4,NA,NA,NA,15.7,21.267/72
2016-12-16,GAD3/ABC[508],800,63,34.1,19.2,NA,14.2,2.8,2.1,1.2,NA,0.9,0.3,NA,NA,NA,NA,12.5,21.675
2016-12-16,InvyMark/laSexta[509],NA,NA,34.7,19.9,NA,12.1,NA,NA,NA,NA,NA,NA,NA,NA,NA,NA,12.1,22.6
2016-12-07,Simple Lógica[510],1000,66.6,33.9,19.9,NA,14.5,NA,NA,NA,NA,NA,NA,NA,NA,NA,NA,12.9,21.0
2016-12-07,Celeste-Tel/eldiario.es[511][512],1100,58.9,35.9,20.2,NA,12.7,2.8,1.9,1.2,1.4,0.9,0.3,NA,NA,NA,NA,15.2,20.766/70
2016-12-02,SocioMétrica/El Español[513][514],800,NA,32.4,19.6,NA,15.4,2.8,1.3,1.3,NA,0.7,0.3,NA,NA,NA,NA,10.0,22.479
2016-12-02,InvyMark/laSexta[515],1200,NA,34.3,20,NA,12.4,NA,NA,NA,NA,NA,NA,NA,NA,NA,NA,11.4,22.9
2016-11-30,Metroscopia/El País[516][517][518],2650,67,34.2,17.9,NA,14.5,NA,NA,NA,NA,NA,NA,NA,NA,NA,NA,11.3,22.9
2016-11-22,MyWord/Cadena SER[519][520],1000,NA,33.8,18.6,NA,12.4,NA,NA,NA,NA,NA,NA,NA,NA,NA,NA,11.3,22.5
2016-11-19,NC Report/La Razón[521][522],1000,57.3,36.9,19.5,NA,11.4,2.8,1.6,1.1,NA,0.9,0.3,0.3,NA,NA,NA,16.3,20.667/73
2016-11-18,InvyMark/laSexta[523],NA,NA,34.8,19.5,NA,12.1,2.5,1.8,1.2,NA,NA,NA,NA,NA,NA,NA,12.1,22.7
2016-11-16,JM&A/Público[524],NA,62.4,34,18.3,NA,13.1,2.7,2.2,1.3,NA,0.8,0.4,NA,NA,NA,NA,9.9,24.183
2016-11-12,Estudio de Sociología Consultores[525],1100,64.6,36.8,18.1,NA,14,NA,NA,NA,NA,NA,NA,NA,NA,NA,NA,18.6,18.2
2016-11-11,Metroscopia/El País[526][527][528],1302,65,35.7,17.9,NA,13,NA,NA,NA,NA,NA,NA,NA,NA,NA,NA,12.6,23.1
2016-11-08,Simple Lógica[529],1003,63.7,34.1,17.6,NA,14.5,NA,NA,NA,NA,NA,NA,NA,NA,NA,NA,11.2,22.9
2016-11-07,Celeste-Tel/eldiario.es[530][531],1100,59.3,36.2,20.4,NA,12.8,2.8,2,1.2,1.3,0.9,0.3,NA,NA,NA,NA,15.8,20.263/69
2016-11-04,InvyMark/laSexta[532],NA,NA,35,19.1,NA,12.4,2.6,1.8,1.2,NA,NA,NA,NA,NA,NA,NA,12.4,22.6
2016-10-28,InvyMark/laSexta[533],NA,NA,35.3,18.5,NA,12,2.7,1.9,1.2,NA,NA,NA,NA,NA,NA,NA,12.1,23.2
2016-10-20,JJD/La Información[534],1800,65,35,14,NA,14,NA,NA,NA,NA,NA,NA,NA,NA,NA,NA,9.0,26.0
2016-10-13,Metroscopia/El País[535][536][537],1388,65,37.8,18,NA,11.6,NA,NA,NA,NA,NA,NA,NA,NA,NA,NA,15.7,22.1
2016-10-11,Simple Lógica[538],1002,64,36.8,15.9,NA,13.9,NA,NA,NA,NA,NA,NA,NA,NA,NA,NA,13.3,23.5
2016-10-10,CIS[539][540][541],2491,NA,34.5,17,NA,12.8,3,1.7,1.3,NA,0.8,0.5,NA,NA,NA,NA,12.7,21.877
2016-10-07,NC Report/La Razón[507],500,57.8,36.7,19.9,NA,11.9,NA,NA,NA,NA,NA,NA,0.3,NA,NA,NA,16.1,20.6
2016-10-07,Estudio de Sociología Consultores[542],1100,64.2,36.5,19.4,NA,12.5,NA,NA,NA,NA,NA,NA,NA,NA,NA,NA,17.1,18.6
2016-10-07,InvyMark/laSexta[543],NA,NA,34.1,20,NA,13.4,2.6,1.9,1.2,NA,NA,NA,NA,NA,NA,NA,12.3,21.8
2016-10-06,Celeste-Tel/eldiario.es[544][545],1100,60.1,36.1,20.9,NA,12.5,2.8,2,1.2,1.3,0.8,0.3,NA,NA,NA,NA,15.2,20.564/69
2016-10-06,DYM/El Confidencial[546],1132,65,36.2,19.6,NA,11.8,NA,NA,NA,NA,NA,NA,NA,NA,NA,NA,14.5,21.7
2016-10-03,JM&A/Público[547],NA,61.8,33,20.3,NA,13.4,2.8,2.3,1.3,NA,0.8,0.4,NA,NA,NA,NA,10.4,22.673
2016-09-30,SocioMétrica/El Español[548][549],1000,59.8,33.8,19.9,NA,14.6,2.8,1.9,1.4,NA,0.9,0.3,NA,NA,NA,NA,12.4,21.475
2016-09-30,GAD3/ABC[550],3400,61,36.4,18.6,NA,11.9,2.8,2.1,1.4,NA,1,0.4,NA,NA,NA,NA,15.6,20.869
2016-09-28,GAD3/ABC[550],2400,NA,35.4,19.8,NA,11.5,2.7,2.1,1.4,NA,1,0.4,NA,NA,NA,NA,14.5,20.969
2016-09-14,JM&A/Público[551],NA,64.4,31.5,23.6,NA,13.7,3,2.2,1.3,NA,0.9,0.4,NA,NA,NA,NA,7.9,20.464
2016-09-14,MyWord/Cadena SER[552][553],995,60.4,33.4,22,NA,12.9,NA,NA,NA,NA,NA,NA,NA,NA,NA,NA,11.4,20.6
2016-09-14,Simple Lógica[554],1046,65.2,33.6,23.7,NA,12.8,NA,NA,NA,NA,NA,NA,NA,NA,NA,NA,9.9,20.0
2016-09-09,GAD3/ABC[555],802,63,33.9,21.1,NA,12.9,2.7,2.1,1.2,NA,0.8,0.3,NA,NA,NA,NA,12.8,20.570
2016-09-09,InvyMark/laSexta[556],NA,NA,33.7,21.8,NA,14,NA,NA,NA,NA,NA,NA,NA,NA,NA,NA,11.9,20.1
2016-09-08,Metroscopia/El País[557][558][559],1294,63,34.8,21.3,NA,12,NA,NA,NA,NA,NA,NA,NA,NA,NA,NA,13.5,21.1
2016-09-07,Estudio de Sociología Consultores[560],1100,67.8,34.7,22.5,NA,11.5,NA,NA,NA,NA,NA,NA,NA,NA,NA,NA,12.2,19.565
2016-09-03,NC Report/La Razón[561][562],1000,60.1,34.8,22.4,NA,12.1,2.8,1.9,1.2,NA,0.8,0.3,0.3,NA,NA,NA,12.4,20.767/70
2016-08-27,Celeste-Tel/eldiario.es[563][564],1100,61.8,34,22.3,NA,12.7,2.5,2,1.3,1.3,0.8,0.3,NA,NA,NA,NA,11.7,20.968/71
2016-08-10,Simple Lógica[565],1049,65.5,35.4,22.8,NA,12.3,NA,NA,NA,NA,NA,NA,NA,NA,NA,NA,12.6,21.3
2016-08-02,JM&A/Público[566],NA,62.4,32.7,22.8,NA,12.8,2.8,2.2,1.3,NA,0.8,0.4,NA,NA,NA,NA,9.9,21.071
2016-07-25,NC Report/La Razón[567][568],1000,61,34.1,22.2,NA,12.3,2.9,2,1.2,NA,0.7,0.3,0.2,NA,NA,NA,11.9,21.068/72
2016-07-15,Simple Lógica[569],1033,66.8,33.5,22.3,NA,14.1,NA,NA,NA,NA,NA,NA,NA,NA,NA,NA,11.2,21.6
2016-07-11,CIS[570][571][572],2479,NA,32.5,23.1,NA,12,2.9,1.7,1.2,NA,0.9,0.1,NA,NA,NA,NA,9.4,19.663/65
2016-07-01,InvyMark/laSexta[573],NA,NA,33.6,22.5,NA,11.7,NA,NA,NA,NA,NA,NA,NA,NA,NA,NA,11.1,21.2
2016-06-26,2016 general election,NA,66.5,33,22.6,NA,13.1,2.7,2,1.2,1.2,0.8,0.3,0.2,NA,NA,NA,10.4,21.271
