date,Firm,Sample,Turnout,Spanish_Socialist_Workers%27_Party,People%27s_Party_(Spain),Vox_(political_party),Unidas_Podemos,Citizens_(Spanish_political_party),Republican_Left_of_Catalonia%E2%80%93Sovereigntists,M%C3%A1s_Pa%C3%ADs,Together_for_Catalonia_(2020),Basque_Nationalist_Party,EH_Bildu,Popular_Unity_Candidacy,Canarian_Coalition%E2%80%93New_Canaries,Galician_Nationalist_Bloc,Navarra_Suma,Regionalist_Party_of_Cantabria,Teruel_Existe,Lead,Together_for_Catalonia_(2017)
2021-12-30,ElectoPanel/Electomanía[1],1189,NA,24.9,23.9,19.9,11.8,3.2,3.5,2.7,2.4,1.5,1.3,1,0.7,0.9,0.5,0.2,0.1,1.0,NA
2021-12-30,40dB/Prisa[2][3],2000,NA,26.1,23.5,18.3,11.8,3.6,NA,3.6,NA,NA,NA,NA,NA,NA,NA,NA,NA,2.6,NA
2021-12-30,IMOP/El Confidencial[4],1315,NA,25.2,25,18.6,12.1,2.8,3.2,2.7,1.8,1.6,1.3,1.3,0.4,1.1,0.4,0.2,0.1,0.2,NA
2021-12-30,SocioMétrica/El Español[5][6],3000,NA,25.5,24.2,17.7,12.3,4.3,2.8,3.2,2,1.4,1,1,0.6,0.7,0.4,0.2,0.1,1.3,NA
2021-12-27,PSOE[7],NA,NA,29,22,17,11,NA,NA,NA,NA,NA,NA,NA,NA,NA,NA,NA,NA,7.0,NA
2021-12-26,Sigma Dos/Antena 3[8][9],NA,NA,25.7,28.8,15.7,10.6,3.2,3,3,1,1.9,NA,NA,NA,NA,NA,NA,NA,3.1,NA
2021-12-24,Sigma Dos/El Mundo[10][11],2619,NA,26,27.4,16.6,10.9,3.1,3,3.1,2,1.9,NA,NA,NA,NA,NA,NA,NA,1.4,NA
2021-12-23,ElectoPanel/Electomanía[12],1299,NA,25.3,24.6,19.5,11.4,3.2,3.5,2.7,2.4,1.5,1.3,1,0.6,0.9,0.5,0.2,0.1,0.7,NA
2021-12-22,KeyData/Público[13],NA,67.1,25.7,26.4,17.1,11.1,3.1,3.4,3.1,2.1,1.6,1.1,0.9,0.5,NA,NA,NA,NA,0.7,NA
2021-12-19,DYM/Henneo[14],1012,NA,25.6,27.6,16.9,10.6,4.7,NA,3.2,NA,NA,NA,NA,NA,NA,NA,NA,NA,2.0,NA
2021-12-17,Celeste-Tel/Onda Cero[15][16],1100,NA,26,27.9,16.1,10.2,3.4,3.2,3.9,2.4,1.5,1.2,0.9,0.6,0.7,0.4,0.2,0.1,1.9,NA
2021-12-17,IMOP/El Confidencial[17],1297,NA,25.7,24.7,19.1,11.8,2.4,3.2,2.5,1.8,1.6,1.2,1.2,0.5,1,0.4,0.2,0.1,1.0,NA
2021-12-16,GAD3/ABC[18][19],1003,68,25.1,28.5,17.1,9.8,2.5,3.3,2.5,2.1,1.6,1.3,0.8,0.6,0.8,0.4,0.2,0.1,3.4,NA
2021-12-16,ElectoPanel/Electomanía[20],1305,NA,25.3,25.3,18.7,11.1,3.2,3.5,2.8,2.4,1.5,1.3,1,0.6,0.9,0.5,0.2,0.1,Tie,NA
2021-12-13,CIS (SocioMétrica)[a][21],3733,63.9,24.7,20.7,18.8,14.1,4.6,2.6,2.7,1.7,1.2,0.8,1,0.2,0.5,0.3,0.1,0,4.0,NA
2021-12-13,CIS[22][23][24],3733,NA,28,20.8,14.6,13.7,5.9,2.5,2.2,1.4,1.2,0.8,0.8,0.3,0.6,0.4,0.2,0.1,7.2,NA
2021-12-13,Simple Lógica[25],1041,65.3,25.5,23.1,19.4,10.6,3.6,NA,2.8,NA,NA,NA,NA,NA,NA,NA,NA,NA,2.4,NA
2021-12-11,NC Report/La Razón[26][27],1000,62.2,25.3,28.8,15.5,9.9,3,3.4,3.5,2.2,1.7,1,NA,NA,NA,0.4,NA,NA,3.5,NA
2021-12-10,ElectoPanel/Electomanía[28],2177,NA,25.5,25.7,18.5,10.8,3.3,3.5,2.7,2.4,1.5,1.3,1,0.6,0.9,0.5,0.2,0.1,0.2,NA
2021-12-09,Data10/OKDiario[29],1000,NA,25.6,28.1,16.5,10.6,2.8,3.2,3.4,2.1,1.6,1.1,0.9,0.4,0.7,0.4,0.2,0.1,2.5,NA
2021-12-09,Hamalgama Métrica/VozPópuli[30],1000,NA,25.7,28.1,16.3,10.2,2.9,3.3,3.3,2.3,1.5,1.1,0.9,0.5,0.7,0.4,0.2,0.1,2.4,NA
2021-12-05,Ágora Integral/Canarias Ahora[31][32],1500,62.5,25.5,24.5,16.9,11.8,3.2,3.7,4.4,2.1,1.6,1.2,1,0.4,0.5,NA,0.3,0.9,1.0,NA
2021-12-03,ElectoPanel/Electomanía[33],1132,NA,25.8,25.8,18.1,11.1,3.3,3.4,2.8,2.4,1.5,1.3,1,0.6,0.9,0.4,0.2,0.1,Tie,NA
2021-12-03,IMOP/El Confidencial[34],1316,NA,25.7,25.8,18.2,11.6,2.3,2.9,2.7,2.1,1.7,1.2,1.1,0.4,1.1,0.4,0.2,0.1,0.1,NA
2021-12-01,Sigma Dos/El Mundo[35][36],1633,NA,26.4,28.6,15,10.1,3.5,3,3.5,2,1.9,NA,NA,NA,NA,NA,NA,NA,2.2,NA
2021-11-26,ElectoPanel/Electomanía[37],NA,NA,25.9,26.2,17.9,10.9,3.2,3.4,2.8,2.4,1.5,1.2,0.9,0.5,0.8,0.4,0.2,0.1,0.3,NA
2021-11-24,SW Demoscopia/Publicaciones Sur[38],610,NA,25.9,23,18.8,12.7,3,NA,2.5,NA,NA,NA,NA,NA,NA,NA,NA,NA,2.9,NA
2021-11-22,KeyData/Público[39],NA,65.9,25.6,27.3,16.4,11.1,2.8,3.6,3.1,2.1,1.5,1.1,0.9,0.5,NA,NA,NA,NA,1.7,NA
2021-11-22,Sigma Dos/Antena 3[40],NA,NA,25.8,29.3,15.2,11,3.4,3,2.9,2,1.9,NA,NA,NA,NA,NA,NA,NA,3.5,NA
2021-11-21,DYM/Henneo[41],1021,NA,25.5,25.8,18.3,12.2,4.7,NA,2.5,NA,NA,NA,NA,NA,NA,NA,NA,NA,0.3,NA
2021-11-19,InvyMark/laSexta[42],NA,NA,26.7,28,16.6,9.4,1.3,NA,4,NA,NA,NA,NA,NA,NA,NA,NA,NA,1.3,NA
2021-11-19,ElectoPanel/Electomanía[43],1564,NA,25.7,25.7,18.2,11.5,3,3.5,2.8,2.4,1.5,1.2,0.9,0.5,0.8,0.4,0.3,0.1,Tie,NA
2021-11-19,IMOP/El Confidencial[44],1343,NA,27.1,26.8,16.7,11,2.2,3,3,2.2,1.6,1,1,0.4,1.1,0.4,0.2,0.1,0.3,NA
2021-11-16,Celeste-Tel/Onda Cero[45][46],1100,63.4,26.1,28.5,15.4,10.5,3.4,3.1,4,2.2,1.6,1.1,0.9,0.5,0.7,0.4,0.2,0.1,2.4,NA
2021-11-15,Simple Lógica[47],1026,62.9,24.3,23,18.3,11.4,2.8,NA,3.8,NA,NA,NA,NA,NA,NA,NA,NA,NA,1.3,NA
2021-11-11,Sigma Dos/El Mundo[48][49],1688,NA,25.9,29.1,15.4,10.5,3,3,3.6,2,1.8,NA,NA,NA,NA,NA,NA,NA,3.2,NA
2021-11-11,GAD3/NIUS[50][51],1001,66,24.9,29.5,14.7,11.8,2.5,3.3,2.8,1.9,1.6,1,0.8,0.6,0.7,0.4,0.2,0.1,4.6,NA
2021-11-11,ElectoPanel/Electomanía[52],1502,NA,25.8,26.2,17.9,11.5,3,3.4,2.8,2.3,1.5,1.2,0.9,0.5,0.8,0.4,0.3,0.1,0.4,NA
2021-11-11,CIS[53][54][55],3779,NA,27.6,20.9,14.3,13.6,5.7,2.6,3.1,1.5,1.4,0.8,1,0.4,0.6,0.4,0.1,0.1,6.7,NA
2021-11-10,Hamalgama Métrica/VozPópuli[56],1000,NA,25.8,28.3,16.1,10.3,2.8,3.3,3.4,2.3,1.5,1.1,0.9,0.5,0.6,0.4,0.2,0.1,2.5,NA
2021-11-08,SocioMétrica/El Español[57][58],1200,NA,25.4,25.5,16.8,12.4,3.9,3.2,3.3,1.8,1.4,1,0.9,0.6,0.6,0.4,0.2,0.1,0.1,NA
2021-11-06,NC Report/La Razón[59][60],1000,62.6,25.2,29.3,15.2,9.8,2.9,3.4,3,2.2,1.7,1,NA,NA,NA,0.4,NA,NA,4.1,NA
2021-11-06,IMOP/El Confidencial[61],1342,NA,26.3,27.1,16.4,11.5,2.4,3.1,3.1,2,1.7,1.1,1.1,0.4,1,0.5,0.2,0.1,0.8,NA
2021-11-05,InvyMark/laSexta[62],NA,NA,26,28.2,16.9,8.7,1.5,NA,4.5,NA,NA,NA,NA,NA,NA,NA,NA,NA,2.2,NA
2021-11-04,Data10/OKDiario[63],1000,NA,25.2,28.8,16.2,10.3,2.5,3.2,3.8,2.2,1.6,1.1,0.9,0.4,0.7,0.4,0.2,0.1,3.6,NA
2021-11-04,ElectoPanel/Electomanía[64],1479,NA,25.4,27.3,17.4,11.2,3,3.4,2.8,2.3,1.5,1.2,0.9,0.5,0.8,0.4,0.3,0.1,1.9,NA
2021-11-04,Metroscopia[65][66],2400,66,26.5,25.2,18,11,2.7,NA,3,NA,NA,NA,NA,NA,NA,0.4,NA,NA,1.3,NA
2021-10-30,SW Demoscopia[67],1203,NA,25.3,25.5,17.9,11.2,3,3.6,3.4,2.1,1.6,1.1,0.9,0.6,NA,0.4,0.2,NA,0.2,NA
2021-10-29,ElectoPanel/Electomanía[68],1228,NA,25.5,27.7,17.3,10.8,2.9,3.3,2.9,2.3,1.6,1.1,0.9,0.5,0.7,0.4,0.3,0.1,2.2,NA
2021-10-24,DYM/Henneo[69],1000,NA,24.7,29.2,14.6,13.2,3.7,NA,2.2,NA,NA,NA,NA,NA,NA,NA,NA,NA,4.5,NA
2021-10-22,Celeste-Tel/Onda Cero[70][71],1100,63.3,26.4,28.9,15.1,10,3.4,3.2,4.1,2.2,1.6,1.1,0.9,0.5,0.7,0.4,0.2,0.1,2.5,NA
2021-10-22,ElectoPanel/Electomanía[72],1822,NA,25.8,27.9,17.3,10.5,2.7,3.3,3.1,2.3,1.5,1.1,0.9,0.5,0.7,0.4,0.3,0.1,2.1,NA
2021-10-22,IMOP/El Confidencial[73],1338,NA,25.8,28,15.9,11,2.6,3.2,3.5,1.9,1.7,1.2,1,0.3,1.1,0.5,0.2,0.1,2.2,NA
2021-10-21,Sigma Dos/El Mundo[74][75],1928,NA,25.5,28.9,15,10.9,3.1,3.1,3.1,2,1.9,NA,NA,NA,NA,NA,NA,NA,3.4,NA
2021-10-20,KeyData/Público[76],NA,65.6,25.8,28.2,15.7,10.4,3,3.6,3.6,2.1,1.6,1.1,1,0.5,NA,NA,NA,NA,2.4,NA
2021-10-15,NC Report/La Razón[77][78],1000,63.3,25.4,29.6,15.1,9.6,2.7,3.4,3.2,2.2,1.7,1.1,NA,NA,NA,0.4,NA,NA,4.2,NA
2021-10-15,InvyMark/laSexta[79],NA,NA,25.7,28.4,16.6,9,1.5,NA,4.2,NA,NA,NA,NA,NA,NA,NA,NA,NA,2.7,NA
2021-10-15,ElectoPanel/Electomanía[80],1863,NA,26.2,28.2,16.7,10.4,2.9,3.2,3,2.2,1.6,1.1,0.9,0.5,0.7,0.4,0.3,0.1,2.0,NA
2021-10-15,Simple Lógica[81],1056,64.5,23.8,25.5,17.6,12.4,4,NA,2.3,NA,NA,NA,NA,NA,NA,NA,NA,NA,1.7,NA
2021-10-14,GAD3/ABC[82][83],1001,75,26.2,29.2,15.4,10.1,2.8,3,2.4,2,1.7,1.2,0.9,0.5,0.7,0.4,0.2,0.1,3.0,NA
2021-10-13,CIS[84][85][86],3660,NA,28.5,22.1,13.2,11.8,6,3.1,3,1.6,1.3,0.7,0.9,0.4,0.5,0.4,0.1,0.1,6.4,NA
2021-10-11,Sigma Dos/Antena 3[87],NA,NA,25.1,28.5,14.6,11.1,3.3,3.1,3.4,2,1.9,NA,NA,NA,NA,NA,NA,NA,3.4,NA
2021-10-10,Metroscopia[66],NA,NA,26.6,26.2,17,10,2.5,NA,2.4,NA,NA,NA,NA,NA,NA,NA,NA,NA,0.4,NA
2021-10-08,ElectoPanel/Electomanía[88],2119,NA,26.6,28,16.9,10,2.8,3.3,2.8,2.2,1.5,1.1,0.9,0.5,0.6,0.4,0.2,0.1,1.4,NA
2021-10-08,IMOP/El Confidencial[89],1317,NA,25.8,26.8,16.8,10.8,2.6,3.2,4.1,2,1.5,1,0.9,0.5,0.9,0.4,0.3,0.1,1.0,NA
2021-10-07,Data10/OKDiario[90],1000,NA,24.9,29,16,9.8,2.8,3.3,4.2,2.3,1.6,1.1,0.8,0.4,0.7,0.4,0.3,0.1,4.1,NA
2021-10-07,SocioMétrica/El Español[91][92],1200,NA,25,27.2,16.3,11.4,4.3,3,3.5,2.1,1.2,1.1,0.9,0.5,0.5,0.4,0.3,0.1,2.2,NA
2021-10-06,Hamalgama Métrica/VozPópuli[93][94],1000,65.7,26.2,28.7,15.9,10.1,2.7,3.3,3.6,2.3,1.5,1.1,0.9,0.5,0.6,0.4,0.2,0.1,2.5,NA
2021-10-01,ElectoPanel/Electomanía[95],1193,NA,26.7,27.5,17,10.2,3,3.4,3,2.3,1.6,1.1,0.9,0.5,0.6,0.4,0.2,0.1,0.8,NA
2021-09-27,Ágora Integral/Canarias Ahora[96][97],1000,61.9,26.1,26.3,15.4,11.5,3.2,3.5,3.7,2.3,1.9,1.2,1,0.4,0.5,NA,0.3,0.1,0.2,NA
2021-09-24,ElectoPanel/Electomanía[98],1651,NA,27.2,27.5,16.5,10.1,3.2,3.3,3.1,2.3,1.6,1.1,0.9,0.5,0.6,0.4,0.3,0.1,0.3,NA
2021-09-24,IMOP/El Confidencial[99],1304,NA,26.1,26.6,17,10.9,2.6,3.1,3.8,2.1,1.6,1.1,1,0.5,0.6,0.4,0.3,0.1,0.5,NA
2021-09-23,KeyData/Público[100],NA,64.2,26,28,15.5,10.2,3,3.6,3.6,2.2,1.6,1.1,1.1,0.6,NA,NA,NA,NA,2.0,NA
2021-09-21,Celeste-Tel/Onda Cero[101][102],1100,63.6,26.1,29.2,15.1,9.9,3.5,3.2,4.1,2.3,1.5,1.1,0.9,0.4,0.7,0.4,0.2,0.1,3.1,NA
2021-09-20,Metroscopia[66],NA,NA,26.5,26.2,18.1,9.8,2,NA,2.2,NA,NA,NA,NA,NA,NA,NA,NA,NA,0.3,NA
2021-09-20,Data10/OKDiario[103],1000,NA,25,28.7,16.1,9.6,2.9,3.3,4.4,2.4,1.6,1.1,0.8,0.4,0.6,0.4,0.3,0.1,3.7,NA
2021-09-19,DYM/Henneo[104][105],1000,NA,26,26.1,15.6,12.8,3.9,NA,3,NA,NA,NA,NA,NA,NA,NA,NA,NA,0.1,NA
2021-09-18,NC Report/La Razón[106][107],1000,63.6,25,29.9,14.9,9.5,2.7,3.3,3.4,2.3,1.7,1.2,NA,NA,NA,0.4,NA,NA,4.9,NA
2021-09-17,ElectoPanel/Electomanía[108],1233,NA,26,28.1,16.4,10.4,3.3,3.4,3.1,2.3,1.6,1.1,0.9,0.5,0.6,0.4,0.3,0.1,2.1,NA
2021-09-16,GAD3/NIUS[109][110],1002,NA,26.3,28.2,15.4,11,2.8,3.8,2.2,2.1,1.6,1.1,0.8,0.5,0.5,0.4,0.2,0.1,1.9,NA
2021-09-16,Simple Lógica[111],1027,64.9,26.2,22.5,17.7,11.3,3.3,NA,4.9,NA,NA,NA,NA,NA,NA,NA,NA,NA,3.7,NA
2021-09-13,CIS[112][113][114],3780,NA,29.6,20.5,13.8,11.3,6.5,3.2,3.3,1.5,1.3,0.9,0.8,0.4,0.5,0.4,0.1,0.1,9.1,NA
2021-09-10,IMOP/El Confidencial[115],1309,NA,26.6,26.4,16.5,10.6,2.9,2.9,3.7,2.1,1.6,1.2,1,0.5,0.6,0.4,0.3,0.1,0.2,NA
2021-09-09,ElectoPanel/Electomanía[116],1084,NA,25.7,28.6,16.2,10.3,3.3,3.3,3.4,2.3,1.6,1.1,0.9,0.5,0.6,0.4,0.3,0.1,2.9,NA
2021-09-03,ElectoPanel/Electomanía[117],1640,NA,25.3,28.1,16.3,10.5,3.4,3.4,3.6,2.3,1.6,1.1,0.9,0.5,0.6,0.4,0.3,0.1,2.8,NA
2021-09-02,Sigma Dos/El Mundo[118],1050,NA,24.4,29.1,14.9,10.3,3.1,3.4,4.1,2,1.9,NA,NA,NA,NA,NA,NA,NA,4.7,NA
2021-09-01,Data10/OKDiario[119],1000,NA,24.5,29.8,15.5,9.3,2.8,3.4,4.6,2.4,1.6,1.1,0.8,0.4,0.6,0.4,0.3,0.1,5.4,NA
2021-08-30,KeyData/Público[120],NA,63.9,25.3,28.8,15.1,9.7,3.3,3.7,3.7,2.2,1.7,1.2,1.1,0.6,NA,NA,NA,NA,3.5,NA
2021-08-30,Sigma Dos/Antena 3[121],NA,NA,24.8,28.9,14.7,9.8,2.9,3.3,4,2.1,1.9,NA,NA,NA,NA,NA,NA,NA,4.1,NA
2021-08-27,NC Report/La Razón[122][123],1000,63.8,25.3,30.1,14.7,9.3,2.7,3.3,3.4,2.4,1.6,1.2,NA,NA,NA,0.4,NA,NA,4.8,NA
2021-08-26,ElectoPanel/Electomanía[124],1422,NA,25,28.6,16.3,10,3.4,3.4,3.8,2.3,1.6,1.1,0.9,0.5,0.6,0.4,0.3,0.1,3.6,NA
2021-08-21,ElectoPanel/Electomanía[125],2208,NA,25,28.5,16.3,10.2,3.4,3.4,3.6,2.3,1.7,1.1,0.9,0.5,0.6,0.4,0.3,0.1,3.5,NA
2021-08-20,Celeste-Tel/Onda Cero[126][127],1100,64.1,25.7,29.7,14.8,9.7,3.5,3.2,4.5,2.3,1.5,1.1,0.9,0.4,0.7,0.4,0.2,0.1,4.0,NA
2021-08-13,ElectoPanel/Electomanía[128],1399,NA,25,28.6,16.3,10,3.4,3.4,3.8,2.3,1.6,1.1,0.9,0.5,0.6,0.4,0.3,0.1,3.6,NA
2021-08-06,Data10/OKDiario[129],1000,NA,24.7,30,15.3,8.9,2.9,3.5,4.8,2.3,1.7,1.2,0.7,0.4,0.6,0.4,0.3,0.1,5.3,NA
2021-08-06,ElectoPanel/Electomanía[130],1170,NA,25,28.3,16.4,10.1,3.5,3.3,3.7,2.3,1.6,1.1,0.9,0.5,0.6,0.4,0.3,0.1,3.3,NA
2021-08-04,Simple Lógica[131],1062,62.8,27.9,24.6,15.9,10.8,2.9,NA,4.6,NA,NA,NA,NA,NA,NA,NA,NA,NA,3.3,NA
2021-07-30,ElectoPanel/Electomanía[132],877,NA,25,28.4,16.5,10.1,3.4,3.3,3.5,2.3,1.6,1.1,0.9,0.5,0.6,0.4,0.3,0.1,3.4,NA
2021-07-29,SocioMétrica/El Español[133][134],1200,NA,24.7,26.4,16.1,10.3,5,3.1,4.5,2.3,1.4,0.9,0.8,0.4,0.6,0.3,0.4,0.1,1.7,NA
2021-07-23,Celeste-Tel/Onda Cero[135][136],1100,64.4,25.6,30,14.9,9.6,3.3,3.2,4.6,2.2,1.5,1.1,0.9,0.4,0.7,0.4,0.2,0.1,4.4,NA
2021-07-23,ElectoPanel/Electomanía[137],1601,NA,25.4,28.1,17,9.9,3,3.4,3.5,2.3,1.6,1.1,0.9,0.5,0.6,0.4,0.3,0.1,2.7,NA
2021-07-22,KeyData/Público[138],NA,64.3,25.2,28.3,15.7,9.8,3.3,3.6,3.9,2.2,1.6,1.2,1,0.5,NA,NA,NA,NA,3.1,NA
2021-07-22,GAD3/ABC[139][140],1030,73,25.1,31.1,12.4,10,3.5,3.3,3.3,2.4,1.4,1.1,1,0.5,0.6,0.4,0.2,0.1,6.0,NA
2021-07-19,Sigma Dos/Antena 3[141],NA,NA,25.1,28.8,14.1,10,2.8,3.4,4.8,2.1,1.8,NA,NA,NA,NA,NA,NA,NA,3.7,NA
2021-07-19,DYM/Henneo[142][143],1019,NA,24,28,16.7,10.5,4,NA,2.5,NA,NA,NA,NA,NA,NA,NA,NA,NA,4.0,NA
2021-07-17,Data10/OKDiario[144],1000,NA,24.5,30.3,15.4,9,2.3,3.4,4.9,2.3,1.7,1.1,0.8,0.5,0.6,0.4,0.3,0.1,5.8,NA
2021-07-16,NC Report/La Razón[145][146],1000,64.2,25.9,29.8,15.3,9.2,2.7,3.3,3.7,2.4,1.6,1.2,NA,NA,NA,0.4,NA,NA,3.9,NA
2021-07-16,InvyMark/laSexta[147],NA,NA,26.2,28,17.7,9.3,1.4,NA,4.5,NA,NA,NA,NA,NA,NA,NA,NA,NA,1.8,NA
2021-07-16,ElectoPanel/Electomanía[148],2001,NA,25.4,27.7,17.3,10,2.9,3.4,3.8,2.2,1.7,1.1,0.9,0.5,0.6,0.4,0.3,0.1,2.3,NA
2021-07-15,Metroscopia[66],NA,NA,26,28.4,14.7,11.1,2.5,NA,3,NA,NA,NA,NA,NA,NA,NA,NA,NA,2.4,NA
2021-07-15,GESOP/El Periódico[149],802,NA,27.3,26,13.1,10,3.9,3.4,3.8,NA,NA,NA,NA,NA,NA,NA,NA,NA,1.3,NA
2021-07-15,CIS (SocioMétrica)[a][150],3798,62.2,25.1,26.8,15.6,10.1,3.1,3.7,4,2.1,1.2,0.8,0.7,0.6,1,0.4,0.1,0.1,1.7,NA
2021-07-15,CIS[151][152][153],3798,NA,28.6,23.4,13.6,10.6,5.5,3.3,3.7,1.9,1.4,0.7,0.7,0.3,0.8,0.3,0.2,0.1,5.2,NA
2021-07-12,Simple Lógica[154],1076,64.9,23,26.9,17.4,12.1,2.4,NA,3.5,NA,NA,NA,NA,NA,NA,NA,NA,NA,3.9,NA
2021-07-10,ElectoPanel/Electomanía[155],1883,NA,26,27.9,16.7,9.9,2.9,3.4,3.9,2.2,1.7,1.1,0.9,0.5,0.6,0.4,0.3,0.1,1.9,NA
2021-07-02,InvyMark/laSexta[156],NA,NA,25.9,28.3,18.1,8.9,1.5,NA,4.4,NA,NA,NA,NA,NA,NA,NA,NA,NA,2.4,NA
2021-07-02,ElectoPanel/Electomanía[157],2539,NA,24.9,28.4,16.3,10.1,3.1,3.4,4.2,2.2,1.7,1.1,0.9,0.5,0.6,0.4,0.3,0.1,3.5,NA
2021-07-01,Data10/OKDiario[158],1000,NA,24.3,30.2,15.5,9.1,2.8,3.3,5,2.3,1.7,1.1,0.8,0.4,0.6,0.4,0.3,0.1,5.9,NA
2021-07-01,Sigma Dos/El Mundo[159][160],1020,NA,25.9,29.4,14.4,10.5,2.5,3,5,1.8,1.5,NA,NA,NA,NA,NA,NA,NA,3.5,NA
2021-06-27,SocioMétrica/El Español[161],NA,NA,24.1,26.2,16.6,10.4,5.2,3.1,4.6,2.3,1.5,1,0.8,0.4,0.5,0.3,0.4,0.1,2.1,NA
2021-06-26,ElectoPanel/Electomanía[162],1627,NA,25.1,28.6,16.2,10,3,3.4,4.1,2.3,1.7,1.1,0.9,0.5,0.6,0.4,0.3,0.1,3.5,NA
2021-06-26,NC Report/La Razón[163][164],1000,63.8,24.7,30.4,15.1,9,2.6,3.3,4.6,2.4,1.7,1.2,NA,NA,NA,0.4,NA,NA,5.7,NA
2021-06-21,KeyData/Público[165],NA,67.4,25.2,28.2,15.8,9.7,3,3.5,4.3,2.1,1.6,1.2,1,0.5,NA,NA,NA,NA,3.0,NA
2021-06-21,Sigma Dos/Antena 3[166],NA,NA,24.5,30.1,15.5,11.4,2.5,3.5,4.4,1.9,2,NA,NA,NA,NA,NA,NA,NA,5.6,NA
2021-06-21,DYM/Henneo[167][168],1002,NA,25.7,27.9,16,9.9,3.5,NA,2.3,NA,NA,NA,NA,NA,NA,NA,NA,NA,2.2,NA
2021-06-20,Metroscopia[66],NA,NA,26.1,30.2,14.6,10.5,2,NA,4.4,NA,NA,NA,NA,NA,NA,NA,NA,NA,4.1,NA
2021-06-18,Celeste-Tel/Onda Cero[169][170],1100,64.2,25.3,29.8,15.5,9.5,2.4,3.2,5.7,2.2,1.4,1.1,0.9,0.4,0.7,0.4,0.2,0.1,4.5,NA
2021-06-18,ElectoPanel/Electomanía[171],1332,NA,25.9,28.6,15.8,9.6,3,3.4,4,2.3,1.7,1.2,1,0.5,0.6,0.4,0.3,0.1,2.7,NA
2021-06-15,CIS[172][173][174],3814,NA,27.4,23.9,13,12,5.7,3.6,4.1,1.6,1.4,1,0.8,0.2,0.7,0.4,0.1,0.1,3.5,NA
2021-06-11,ElectoPanel/Electomanía[175],1673,NA,25.3,28.4,16.2,10,3.1,3.4,3.9,2.3,1.7,1.2,0.9,0.5,0.6,0.4,0.3,0.1,3.1,NA
2021-06-10,GAD3/NIUS[176][177],1026,65,25.5,30.7,12.4,9.2,2.9,3,4.5,2.6,1.4,1.2,1.1,0.6,0.7,0.4,0.2,0.1,5.2,NA
2021-06-09,Simple Lógica[178],1017,64.4,23,27.1,17,9.3,3.4,NA,6,NA,NA,NA,NA,NA,NA,NA,NA,NA,4.1,NA
2021-06-04,ElectoPanel/Electomanía[179],1462,NA,25.4,27.9,16.8,10.4,3,3.5,3.5,2.3,1.7,1.1,0.9,0.5,0.6,0.4,0.3,0.1,2.5,NA
2021-06-03,Data10/OKDiario[180],1000,NA,25.5,28.7,15.8,8.6,2.7,3.3,5.2,2.4,1.6,1.1,0.8,0.5,0.6,0.4,0.3,0.1,3.6,NA
2021-06-01,Sigma Dos/El Mundo[181][182],1000,NA,25,29.5,15.4,10.2,3.2,3.2,4.3,1.8,1.7,NA,NA,NA,NA,NA,NA,NA,4.5,NA
2021-05-29,SocioMétrica/El Español[183][184],1100,NA,25.4,26.5,16.9,9.3,3.1,3.6,4,2.6,1.7,1.2,0.9,0.4,0.5,0.4,0.2,0.1,1.1,NA
2021-05-28,ElectoPanel/Electomanía[185],1272,NA,25.4,27.9,16.7,10.7,3,3.5,3.5,2.3,1.7,1.1,0.9,0.5,0.6,0.4,0.3,0.1,2.5,NA
2021-05-24,DYM/Henneo[186][187],1008,NA,24.5,28.1,16,9.3,3.4,NA,5,NA,NA,NA,NA,NA,NA,NA,NA,NA,3.6,NA
2021-05-22,NC Report/La Razón[188][189],1000,64.2,25.8,30,14.9,9.2,2.9,3.3,3.9,2.3,1.6,1.2,NA,NA,NA,0.4,NA,NA,4.2,NA
2021-05-22,ElectoPanel/Electomanía[190],1582,NA,25.2,27.3,16.4,11,2.9,3.5,3.3,2.4,1.7,1.2,0.9,0.5,0.6,0.4,0.3,0.1,2.1,NA
2021-05-21,InvyMark/laSexta[191],NA,NA,26.9,27.2,18.4,8.2,1.4,NA,4.8,NA,NA,NA,NA,NA,NA,NA,NA,NA,0.3,NA
2021-05-20,KeyData/Público[192],NA,68.9,26.2,27,16.4,10.2,3.5,3.5,3.3,2.2,1.5,1.2,1,0.5,NA,NA,NA,NA,0.8,NA
2021-05-20,Metroscopia[66][193],NA,NA,22.8,30.3,12.2,11.3,2.2,NA,6.7,NA,NA,NA,NA,NA,NA,NA,NA,NA,7.5,NA
2021-05-18,GAD3/ABC[194][195],1202,74,25.4,30.5,13.8,8.3,3.3,3,4.1,2.4,1.8,1.2,1,0.4,0.7,0.4,0.2,0.1,5.1,NA
2021-05-17,Sigma Dos/Antena 3[196],NA,NA,26,30.7,15.7,10,3.1,3,4,2,1.9,NA,NA,NA,NA,NA,NA,NA,4.7,NA
2021-05-15,ElectoPanel/Electomanía[197],1930,NA,26.4,26.9,15.8,10.9,2.9,3.5,2.9,2.4,1.7,1.2,0.9,0.5,0.6,0.4,0.3,0.1,0.5,NA
2021-05-14,Celeste-Tel/Onda Cero[198][199],1100,64.5,26,28.1,16.2,9.6,2.5,3.2,6,2,1.3,1.1,0.9,0.4,0.6,0.4,0.3,0.1,2.1,NA
2021-05-13,CIS[200][201][202],3814,NA,27.9,23.4,13.7,10.4,5.3,3,3.8,1.6,1.1,1.1,0.6,0.3,0.5,0.4,0.2,0.1,4.5,NA
2021-05-12,Simple Lógica[203],1063,65.5,26,26.2,15.9,8.7,4,NA,4,NA,NA,NA,NA,NA,NA,NA,NA,NA,0.2,NA
2021-05-11,Hamalgama Métrica/OKDiario[204],1000,NA,25.5,27.3,17.9,9,2.3,3.1,5.9,2.3,1.6,1.3,0.9,0.5,0.6,0.4,0.2,0.1,1.8,NA
2021-05-08,NC Report/La Razón[205][206],1000,64.4,26.1,26.9,17.1,9.9,2.8,3.4,3.7,2.3,1.5,1.3,NA,NA,NA,0.4,NA,NA,0.8,NA
2021-05-07,InvyMark/laSexta[207],NA,NA,26.7,27.3,18.9,7.9,1.2,NA,4.4,NA,NA,NA,NA,NA,NA,NA,NA,NA,0.6,NA
2021-05-06,Sigma Dos/El Mundo[208],1000,NA,25.7,30.2,15.2,13,3.6,3.1,2,2,1.9,NA,NA,NA,NA,NA,NA,NA,4.5,NA
2021-05-06,Demoscopia y Servicios/ESdiario[209],1000,NA,25.3,25.9,16.9,10.3,2.3,3.4,5.1,2.7,1.6,1.3,1,0.4,0.6,0.4,0.3,0.1,0.6,NA
2021-05-06,ElectoPanel/Electomanía[210],1825,NA,26.9,25.8,16.6,11.4,3.2,3.5,2.1,2.5,1.6,1.3,0.9,0.5,0.6,0.4,0.3,0.1,1.1,NA
2021-05-02,ElectoPanel/Electomanía[211],4320,NA,27.1,24,16.9,12.3,4,3.6,1.7,2.3,1.6,1.3,0.9,0.5,0.6,0.4,0.3,0.1,3.1,NA
2021-04-24,ElectoPanel/Electomanía[212],3125,NA,27,23.9,16.9,12.5,4,3.6,1.6,2.3,1.6,1.3,0.9,0.5,0.6,0.4,0.3,0.1,3.1,NA
2021-04-17,ElectoPanel/Electomanía[213],2450,NA,26.6,24.2,17.2,12.4,3.8,3.6,1.7,2.4,1.6,1.3,0.9,0.5,0.6,0.4,0.3,0.1,2.4,NA
2021-04-16,GAD3/NIUS[214][215],1001,63,28.7,27,14.5,9.2,4.5,3.2,2.3,2,1.9,1.1,0.8,0.4,0.6,0.4,0.2,0.1,1.7,NA
2021-04-16,InvyMark/laSexta[216],NA,NA,28,24.5,18.3,9.3,3.6,NA,NA,NA,NA,NA,NA,NA,NA,NA,NA,NA,3.5,NA
2021-04-15,Metroscopia[66],NA,NA,29.8,24.1,17.6,11.2,2.1,NA,1.7,NA,NA,NA,NA,NA,NA,NA,NA,NA,5.7,NA
2021-04-14,CIS (SocioMétrica)[a][217],3823,62.6,30,20.8,18.8,10.8,4,3.2,2.3,1.2,1.7,0.9,0.6,0.2,0.4,0.3,0,0.1,9.2,NA
2021-04-14,CIS[218][219][220],3823,NA,31.5,20.6,15.4,10.7,6.7,2.8,1.9,1.5,1.5,0.9,0.6,0.3,0.5,0.4,NA,NA,10.9,NA
2021-04-13,Simple Lógica[221],1053,65.6,27.9,22.9,17.6,11.1,3.8,NA,2.6,NA,NA,NA,NA,NA,NA,NA,NA,NA,5.0,NA
2021-04-09,ElectoPanel/Electomanía[222],2300,NA,26.2,24.1,17,12.8,3.9,3.6,1.7,2.4,1.6,1.3,0.9,0.5,0.6,0.4,0.3,0.1,2.1,NA
2021-04-02,ElectoPanel/Electomanía[223],2000,NA,26.5,24.1,16.8,13,3.7,3.6,1.7,2.5,1.6,1.3,0.9,0.5,0.6,0.4,0.3,0.1,2.4,NA
2021-03-31,NC Report/La Razón[224][225],1000,63.1,26.6,24.8,17.4,11.5,4,3.3,2.5,2.2,1.5,1.3,NA,NA,NA,0.4,NA,NA,1.8,NA
2021-03-26,ElectoPanel/Electomanía[226],2000,NA,26.4,24.5,16.6,13.4,3.2,3.5,1.7,2.6,1.6,1.3,0.9,0.5,0.5,0.4,0.3,0.1,1.9,NA
2021-03-20,ElectoPanel/Electomanía[227],2513,NA,26.2,24.5,16.7,13.7,2.8,3.6,1.7,2.6,1.6,1.3,0.9,0.5,0.5,0.4,0.3,0.1,1.7,NA
2021-03-19,InvyMark/laSexta[228],NA,NA,28.4,23.9,18.6,9.8,4.4,NA,NA,NA,NA,NA,NA,NA,NA,NA,NA,NA,4.5,NA
2021-03-15,ElectoPanel/Electomanía[229],2400,NA,26.2,24.6,16.6,13.4,2.4,3.6,1.8,2.5,1.6,1.4,1.1,0.5,0.7,0.4,0.3,0.1,1.6,NA
2021-03-15,Metroscopia[66],NA,NA,27.9,20.9,19.9,11.8,3,NA,1.7,NA,NA,NA,NA,NA,NA,NA,NA,NA,7.0,NA
2021-03-13,ElectoPanel/Electomanía[230],2576,NA,29.9,23,18.1,9.9,2.5,3.6,1.9,2.5,1.6,1.4,1,0.5,0.7,0.4,0.3,0.1,6.9,NA
2021-03-11,CIS[231][232][233],3820,NA,31.3,17.9,15,9.6,9.5,3.2,2,1.5,1.7,1,0.8,0.2,0.6,0.4,NA,0.1,13.4,NA
2021-03-09,Simple Lógica[234],1023,64.6,27.1,17.5,18.5,11,7.6,NA,2.7,NA,NA,NA,NA,NA,NA,NA,NA,NA,8.6,NA
2021-03-05,InvyMark/laSexta[228],NA,NA,26.8,23.2,17.4,10.3,6.6,NA,NA,NA,NA,NA,NA,NA,NA,NA,NA,NA,3.6,NA
2021-03-05,ElectoPanel/Electomanía[235],1406,NA,28.5,21.2,18.9,10.5,4.9,3.4,1.8,2.4,1.4,1.3,0.9,0.5,0.7,0.4,0.3,0.1,7.3,NA
2021-03-03,Sigma Dos/El Mundo[236][237][238],1096,NA,27.2,22.9,17.4,11.7,5.4,3.2,0.9,2,2.1,NA,NA,NA,NA,NA,NA,NA,4.3,NA
2021-03-01,KeyData/Público[239],NA,68.5,27.8,21.3,17.7,11.1,5.7,3.6,1.6,2.2,1.5,1.2,1,0.5,NA,NA,NA,NA,6.5,NA
2021-02-28,NC Report/La Razón[240][241],1000,63.3,27.4,23.7,18,10.9,4.3,3.3,2.5,2.2,1.5,1.3,NA,NA,NA,0.4,NA,NA,3.7,NA
2021-02-27,ElectoPanel/Electomanía[242],1406,NA,29,20.8,19,10.5,5,3.4,1.7,2.5,1.3,1.4,0.8,0.5,0.7,0.4,0.3,0.1,8.2,NA
2021-02-25,GAD3/NIUS[243][244],1000,62,28.6,22.2,17.1,10.1,5.9,3.7,1.5,2.2,1.7,1.2,1.1,0.4,0.6,0.4,0.2,0.1,6.4,NA
2021-02-23,DYM/Henneo[245][246],1002,NA,25.4,19.6,18.1,12.5,7.5,NA,NA,NA,NA,NA,NA,NA,NA,NA,NA,NA,5.8,NA
2021-02-23,Celeste-Tel/Onda Cero[247],1100,64.4,28.3,22.3,18.2,10.1,4.6,3.6,2.6,2.1,1.6,1.2,1.1,0.5,0.7,0.4,0.3,0.1,6.0,NA
2021-02-22,Hamalgama Métrica/OKDiario[248],1000,NA,28.7,22.1,19.1,9.9,3.1,3.4,2.4,NA,NA,NA,NA,NA,NA,0.4,NA,NA,6.6,NA
2021-02-20,ElectoPanel/Electomanía[249],1406,NA,29.4,20.9,18.4,10,5.6,3.4,1.7,2.4,1.3,1.4,0.8,0.5,0.7,0.4,0.3,0.1,8.5,NA
2021-02-17,Sigma Dos/El Mundo[250][251],1145,NA,27.6,23.4,15.6,11.9,6.3,3.2,0.9,2.2,2,NA,NA,NA,NA,NA,NA,NA,4.2,NA
2021-02-16,ElectoPanel/Electomanía[252],1240,NA,29,21.6,17.9,10.2,5.6,3.4,1.7,2.4,1.3,1.4,0.8,0.5,0.7,0.4,0.3,0.1,7.4,NA
2021-02-15,Metroscopia[66],NA,NA,28.7,19.6,19.1,11.3,4.6,NA,1.9,NA,NA,NA,NA,NA,NA,NA,NA,NA,9.1,NA
2021-02-12,ElectoPanel/Electomanía[253],2530,NA,27.3,22.9,15.8,10.7,7.5,3.3,1.7,2.4,1.5,1.4,0.8,0.5,0.7,0.4,0.3,0.1,4.4,NA
2021-02-11,CIS (SocioMétrica)[a][254],3869,64.7,28.1,19.7,16.3,11.3,9,3.3,2.6,1.3,1.2,0.7,1.1,0.2,0.7,0.3,0.2,0.3,8.4,NA
2021-02-11,CIS[255][256][257],3869,NA,30.7,18.8,13.6,11.2,9.3,3.5,1.7,1.3,1.5,0.8,0.9,0.4,0.7,0.4,0.2,0.1,11.9,NA
2021-02-06,ElectoPanel/Electomanía[258],1814,NA,27.2,23.5,15.2,10.8,7.4,3.4,1.8,2.3,1.5,1.3,0.8,0.5,0.7,0.4,0.3,0.1,3.7,NA
2021-02-05,Simple Lógica[259],1054,62,28.8,18.8,16.9,10.3,9.2,NA,2.2,NA,NA,NA,NA,NA,NA,NA,NA,NA,10.0,NA
2021-01-29,ElectoPanel/Electomanía[260],1493,NA,27,23.4,15.4,11,7.3,3.4,1.8,2.3,1.5,1.3,0.8,0.5,0.7,0.4,0.3,0.1,3.6,NA
2021-01-25,CIS (SocioMétrica)[a][261],3862,62.6,28.6,22.2,15.9,10,7.4,2.9,1.9,1.6,1.7,0.8,0.7,0.3,0.6,0.8,0.1,0,6.4,NA
2021-01-25,CIS[262][263][264],3862,NA,30.7,20.5,13,10.7,9.3,2.9,1.5,1.5,1.6,0.9,0.6,0.5,0.5,0.6,0.3,NA,10.2,NA
2021-01-22,ElectoPanel/Electomanía[265],1470,NA,27.1,23.2,15.6,11,7.3,3.4,1.7,2.3,1.5,1.3,0.8,0.5,0.7,0.4,0.3,0.1,3.9,NA
2021-01-22,InvyMark/laSexta[266],NA,NA,27,23.2,16.9,10.2,7,NA,NA,NA,NA,NA,NA,NA,NA,NA,NA,NA,3.8,NA
2021-01-15,Metroscopia[66][193],NA,NA,27.2,22.8,16.5,11.5,6.4,NA,1.8,NA,NA,NA,NA,NA,NA,NA,NA,NA,4.4,NA
2021-01-15,Celeste-Tel/Onda Cero[267],1100,64.7,27,23.7,14.8,11.8,6.7,3.9,2.5,2.2,1.6,1.2,1,0.5,0.9,0.4,0.3,0.1,3.3,NA
2021-01-15,ElectoPanel/Electomanía[268],1382,NA,27.2,23.1,15.8,11.1,7.1,3.3,1.7,2.3,1.5,1.3,0.8,0.5,0.7,0.4,0.3,0.1,4.1,NA
2021-01-14,Hamalgama Métrica/OKDiario[269],1000,NA,26.4,24.4,15.6,12.5,5.2,3.8,NA,NA,NA,NA,NA,NA,NA,0.4,NA,NA,2.0,NA
2021-01-13,Simple Lógica[270],1045,66.3,26.3,21.1,15.2,10.7,8.9,NA,2.6,NA,NA,NA,NA,NA,NA,NA,NA,NA,5.2,NA
2021-01-10,SyM Consulting[271][272],2915,70,26.7,24.6,14.2,9.6,6.6,3.7,NA,2,1.6,1.1,NA,NA,NA,NA,NA,NA,2.1,NA
2021-01-09,ElectoPanel/Electomanía[273],1562,NA,27.2,22.8,16.1,11.2,6.9,3.3,1.7,2.4,1.5,1.3,0.8,0.5,0.6,0.4,0.3,0.1,4.4,NA
2021-01-05,SocioMétrica/El Español[274],1206,NA,26.7,22.9,16.7,10.5,6.7,3.4,2.5,2.7,1.8,1.3,NA,0.8,0.6,0.3,0.3,0.1,3.8,NA
2021-01-02,ElectoPanel/Electomanía[275],1321,NA,27.3,23,16,11.2,6.8,3.3,1.7,2.4,1.5,1.3,0.8,0.5,0.6,0.4,0.3,0.1,4.3,NA
2020-12-30,NC Report/La Razón[276][277],1000,62.8,26.2,24.3,15.2,11.7,6.7,3.5,2.2,1.5,1.2,1,0.4,1,0.4,0.2,0.1,1.9,NA,2.38/9
2020-12-29,Sigma Dos/El Mundo[278][279],1144,NA,27.9,25.2,13.5,10.8,7.6,3.3,1,1.9,NA,NA,NA,NA,NA,NA,NA,2.7,NA,2.1
2020-12-25,ElectoPanel/Electomanía[280],1413,NA,27.4,22.7,16.3,11.3,6.7,3.3,1.7,1.5,1.3,0.8,0.5,0.6,0.4,0.3,0.1,4.7,NA,2.49
2020-12-24,KeyData/Público[281],NA,67.3,27,22.8,15.6,11.1,7.5,3.5,2.3,1.6,1.1,0.9,0.5,NA,NA,NA,NA,4.2,NA,2.29
2020-12-18,InvyMark/laSexta[282],NA,NA,27.4,23,16.1,10.2,7.7,NA,NA,NA,NA,NA,NA,NA,NA,NA,NA,4.4,NA,NA
2020-12-17,DYM/Henneo[283][284],1000,NA,24,22.9,17.4,10.4,8.2,NA,NA,NA,NA,NA,NA,NA,NA,NA,NA,1.1,NA,NA
2020-12-17,ElectoPanel/Electomanía[285],1413,NA,27.3,22.3,16.6,11.4,6.5,3.4,1.6,1.6,1.3,0.8,0.5,0.7,0.4,0.3,0.1,5,NA,2.510
2020-12-15,Metroscopia[66],NA,NA,27,21.9,16.9,11.1,6.2,NA,1.3,NA,NA,NA,NA,NA,NA,NA,NA,5.1,NA,NA
2020-12-15,Celeste-Tel/Onda Cero[286][287],1100,64.5,27.1,23.3,14.9,12,6.5,3.8,2.7,1.6,1.1,1,0.5,0.9,0.4,0.3,0.1,3.8,NA,2.28
2020-12-14,GAD3/COPE[288][289],2005,64,28,25.2,13.1,9.5,7.1,3.4,1.4,1.7,1.5,0.8,0.6,1,0.4,0.3,0.1,2.8,NA,1.87
2020-12-11,ElectoPanel/Electomanía[290],1532,NA,27.5,21.8,17,11.6,6.3,3.4,1.5,1.6,1.3,0.8,0.5,0.7,0.4,0.2,0.1,5.7,NA,2.610
2020-12-09,CIS[291][292][293],3817,NA,29.5,19.2,14,10.8,10.5,2.9,2.4,1.4,1.2,0.8,0.5,0.5,0.4,0.1,0,10.3,NA,1.77
2020-12-09,Simple Lógica[294],1065,64.8,27.9,19.9,16.2,11.6,7.7,NA,NA,NA,NA,NA,NA,NA,NA,NA,NA,8,NA,NA
2020-12-07,Sigma Dos/Antena 3[295],NA,NA,28.5,25.5,13.4,12.1,7,3.3,0.8,1.9,NA,NA,NA,NA,NA,NA,NA,3,NA,2.1
2020-12-05,Hamalgama Métrica/OKDiario[296],1000,NA,26.2,23.8,15.9,13,5.3,3.7,NA,NA,NA,NA,NA,NA,0.4,NA,NA,2.4,NA,?9
2020-12-05,ElectoPanel/Electomanía[297],1670,NA,27.2,21.6,17.2,11.9,6.4,3.3,1.5,1.6,1.3,0.8,0.5,0.7,0.4,0.2,0.1,5.6,NA,2.610
2020-12-05,SW Demoscopia/infoLibre[298],1237,NA,28.4,20.7,17.2,11.1,8.4,NA,NA,NA,NA,NA,NA,NA,NA,NA,NA,7.7,NA,NA
2020-11-27,ElectoPanel/Electomanía[299],1310,NA,27.2,21.4,17.4,11.8,6.6,3.3,1.5,1.6,1.3,0.8,0.5,0.7,0.4,0.3,0.1,5.8,NA,2.510
2020-11-24,KeyData/Público[300],NA,66.9,27.3,22.4,15.9,10.8,6.9,3.6,2.4,1.7,1.1,0.9,0.4,NA,NA,NA,NA,4.9,NA,2.29
2020-11-20,DYM/Henneo[301][302],1001,NA,23.6,23.5,17.2,9.8,8.9,NA,NA,NA,NA,NA,NA,NA,NA,NA,NA,0.1,NA,NA
2020-11-20,ElectoPanel/Electomanía[303],2398,NA,27.2,21.1,17,11.7,6.4,3.4,2.5,1.5,1.3,0.7,0.5,0.7,0.4,0.2,0.1,6.1,NA,2.710
2020-11-15,Metroscopia[66],NA,NA,26.5,24.3,15.3,11.5,6,NA,1.5,NA,NA,NA,NA,NA,NA,NA,NA,2.2,NA,NA
2020-11-13,ElectoPanel/Electomanía[304],1290,NA,26.7,20.8,17.4,11.5,6.9,3.3,2.5,1.5,1.3,0.7,0.5,0.7,0.4,0.2,0.1,5.9,NA,2.711
2020-11-12,CIS (SocioMétrica)[a][305],3853,62.5,28.8,18,16.8,11.6,8.5,2.9,2.1,1.2,1,0.8,0.3,0.5,0.5,0.3,0.1,10.8,NA,1.7
2020-11-12,CIS[306][307][308],3853,NA,30.4,18.6,13.2,11.4,9.5,3.2,1.8,1.5,0.7,0.7,0.4,0.6,0.4,NA,NA,11.8,NA,1.77
2020-11-11,Simple Lógica[309],1036,63.4,29.2,20.5,15.7,11.5,5.1,NA,NA,NA,NA,NA,NA,NA,NA,NA,NA,8.7,NA,NA
2020-11-09,Celeste-Tel/Onda Cero[310][311],1100,64.2,27.7,22.5,15.3,11.8,6.7,3.8,2.5,1.5,1.2,1,0.5,0.9,0.4,0.2,0.1,5.2,NA,2.18
2020-11-07,ElectoPanel/Electomanía[312],1263,NA,26.8,20.6,17.5,11.5,7.1,3.3,2.4,1.5,1.3,0.7,0.5,0.7,0.4,0.2,0.1,6.2,NA,2.711
2020-11-07,NC Report/La Razón[313],1000,63.1,26.8,23.2,15.9,11.5,7.2,3.5,2.1,1.5,1.3,0.8,0.4,0.8,0.4,0.2,0.1,3.6,NA,2.59/10
2020-10-31,ElectoPanel/Electomanía[314],1730,NA,26.9,20,17.6,11.6,7.4,3.3,2.3,1.4,1.3,0.7,0.5,0.7,0.4,0.2,0.1,6.9,NA,2.711
2020-10-30,InvyMark/laSexta[315],NA,NA,28.5,23.2,14.7,11,7.3,NA,NA,NA,NA,NA,NA,NA,NA,NA,NA,5.3,NA,NA
2020-10-23,DYM/Henneo[316][317],1006,NA,25,24.5,16.6,10.3,7.8,NA,NA,NA,NA,NA,NA,NA,NA,NA,NA,0.5,NA,NA
2020-10-23,Sigma Dos/El Mundo[318][319],1000,NA,29.3,24,14.9,11.8,6.8,3,1,1.9,NA,NA,NA,NA,NA,NA,NA,5.3,NA,2.0
2020-10-23,Hamalgama Métrica/OKDiario[320][321],1000,NA,26.9,23.1,15.7,12.6,6.1,3.6,NA,NA,NA,NA,NA,NA,0.4,NA,NA,3.8,NA,?8
2020-10-22,ElectoPanel/Electomanía[322],4772,NA,27,20.2,17.4,11.6,7.5,3.3,2.3,1.4,1.3,0.7,0.5,0.6,0.4,0.2,0.1,6.8,NA,2.610
2020-10-20,KeyData/Público[323],NA,66.6,27.4,22.4,15.5,11.5,6.9,3.5,1.9,1.6,1.1,0.9,0.5,NA,NA,NA,NA,5,NA,2.310
2020-10-17,SocioMétrica/El Español[324],2103,NA,26.6,22.8,16.3,10.5,7.1,3.2,2.5,1.8,1.3,NA,0.4,0.7,0.4,0.3,0.1,3.8,NA,3.012
2020-10-17,NC Report/La Razón[325],1000,62.6,27,23.6,15.6,11.4,6.3,3.4,NA,1.5,1.2,NA,NA,NA,NA,NA,NA,3.4,NA,2.69/10
2020-10-16,ElectoPanel/Electomanía[326],1450,NA,27,20.4,17,11.6,7.7,3.3,2.3,1.5,1.3,0.7,0.5,0.7,0.4,0.2,0.1,6.6,NA,2.710
2020-10-15,Metroscopia[66],NA,NA,28.5,22.4,18,10.8,5.2,NA,2,NA,NA,NA,NA,NA,NA,NA,NA,6.1,NA,NA
2020-10-14,GIPEyOP[327],1955,59.4,21,17.4,19.7,14.7,5.5,3.7,4.1,1.8,1.6,2.1,0.5,1.1,0.1,NA,NA,1.3,NA,3.1
2020-10-10,Sigma Dos/Antena 3[328],NA,NA,28.1,24.1,14,12.4,7.2,3.2,0.9,1.9,NA,NA,NA,NA,NA,NA,NA,4,NA,1.7
2020-10-09,InvyMark/laSexta[329],NA,NA,28.8,22.7,15.1,11.1,7.4,NA,NA,NA,NA,NA,NA,NA,NA,NA,NA,6.1,NA,NA
2020-10-09,ElectoPanel/Electomanía[330],1265,NA,27.1,20.7,16.7,11.5,7.9,3.3,2.2,1.4,1.2,0.7,0.5,0.6,0.4,0.2,0.1,6.4,NA,2.710
2020-10-09,Simple Lógica[331],1060,63.6,27.2,19.5,17.1,11,7.5,NA,NA,NA,NA,NA,NA,NA,NA,NA,NA,7.7,NA,NA
2020-10-07,CIS (SocioMétrica)[a][332],2924,62.5,30.6,20,15.9,11.1,6.6,2.8,2.1,1.6,1.3,0.7,0.2,0.4,0.5,0.1,0.2,10.6,NA,1.7
2020-10-07,CIS[333][334][335],2924,NA,30.8,18.9,12.5,11.7,8.8,3.3,1.8,1.3,1.1,0.5,0.2,0.5,0.4,0.2,0.1,11.9,NA,1.87
2020-10-03,ElectoPanel/Electomanía[336],1265,NA,27.1,20.7,16.4,11.4,8.3,3.4,2.2,1.4,1.2,0.7,0.5,0.6,0.4,0.2,0.1,6.4,NA,2.610
2020-10-02,GAD3/ABC[337][338],960,NA,27.3,23.8,14.6,11.3,5.8,3.5,1.5,1.9,1.2,0.8,0.4,0.8,0.4,0.3,0.1,3.5,NA,1.98
2020-09-25,ElectoPanel/Electomanía[339],1410,NA,27.4,20.2,16.9,10.9,8.4,3.4,2.3,1.4,1.2,0.7,0.5,0.6,0.4,0.2,0.1,7.2,NA,2.710
2020-09-25,InvyMark/laSexta[282],NA,NA,29.1,21.8,14.6,11.6,7.7,NA,NA,NA,NA,NA,NA,NA,NA,NA,NA,7.3,NA,NA
2020-09-20,DYM/Henneo[340][341][342],1008,NA,25.8,24,13.7,10.8,8.8,NA,NA,NA,NA,NA,NA,NA,NA,NA,NA,1.8,NA,NA
2020-09-19,Demoscopia y Servicios/ESdiario[343],1000,NA,25.7,23.5,15.3,13.2,6.5,3.1,1.6,1.5,1.4,0.9,0.4,0.6,0.4,0.3,0.1,2.2,NA,2.710
2020-09-19,ElectoPanel/Electomanía[344],1632,NA,27.3,20.1,16.6,11.1,8.7,3.4,2.2,1.5,1.2,0.7,0.5,0.7,0.4,0.2,0.1,7.2,NA,2.610
2020-09-19,NC Report/La Razón[345][346],1000,62.4,26.8,24.1,15.2,11.3,6.3,3.4,2.4,1.5,1.2,NA,NA,NA,0.4,NA,NA,2.7,NA,2.69/10
2020-09-18,KeyData/Público[347],NA,67.2,27.7,22.8,14.7,11.4,7.7,3.6,1.9,1.6,1.2,0.9,0.5,NA,NA,NA,NA,4.9,NA,2.39
2020-09-17,Metroscopia[348],NA,59,28.3,21,17.5,10.2,5.7,2.7,NA,NA,NA,NA,NA,NA,0.4,NA,NA,7.3,NA,NA
2020-09-11,InvyMark/laSexta[349],NA,NA,28.6,22.4,14.5,11.3,7.3,NA,NA,NA,NA,NA,NA,NA,NA,NA,NA,6.2,NA,NA
2020-09-11,ElectoPanel/Electomanía[350],1227,NA,27,20.3,16.6,11.1,8.6,3.4,2.2,1.3,1.2,0.7,0.5,0.6,0.4,0.2,0.1,6.7,NA,2.711
2020-09-11,Simple Lógica[351],1065,63.4,28.1,22.1,15.8,12.3,6.1,NA,NA,NA,NA,NA,NA,NA,NA,NA,NA,6,NA,NA
2020-09-07,CIS (SocioMétrica)[a][352],2904,61.8,28.5,19.1,15,12.3,9.7,2.5,1.6,1.5,0.9,0.6,0.3,0.9,0.4,0.1,NA,9.4,NA,1.5
2020-09-07,CIS[353][354][355],2904,NA,31.5,18.1,11.7,12.2,10.6,2.8,1.5,1.2,0.8,0.6,0.6,0.8,0.5,0.2,NA,13.4,NA,1.77
2020-09-06,Sigma Dos/Antena 3[356],NA,NA,28.9,25.3,13.5,12.1,6.2,3.3,0.9,1.9,NA,NA,NA,NA,NA,NA,NA,3.6,NA,1.6
2020-09-03,ElectoPanel/Electomanía[357],1240,NA,27.5,20.8,16.4,10.6,8.2,3.4,2.3,1.4,1.2,0.7,0.5,0.7,0.4,0.2,0.1,6.7,NA,2.710
2020-08-30,SocioMétrica/El Español[358],1620,NA,27.3,24.1,14.3,9.6,8.7,3.4,2.3,1.7,1.3,0.8,0.6,0.6,0.4,0.2,0.1,3.2,NA,2.710
2020-08-29,NC Report/La Razón[359][360],1000,62.1,26.9,24.7,15,10.7,5.7,3.5,2.4,1.5,1.3,NA,NA,NA,NA,NA,NA,2.2,NA,2.58/9
2020-08-27,ElectoPanel/Electomanía[361],1430,NA,27.4,21.4,15.8,11.5,7.5,3.5,2.1,1.4,1.2,0.7,0.5,0.7,0.4,0.2,0.1,6,NA,2.710
2020-08-21,SW Demoscopia[362],1001,NA,28.7,20.2,15.9,11.4,9.5,3.6,1.2,1.5,1.3,NA,NA,NA,NA,NA,NA,8.5,NA,2.5?
2020-08-21,ElectoPanel/Electomanía[363],1520,NA,27.2,22.1,15.3,11.2,7.4,3.5,2.1,1.3,1.2,0.7,0.5,0.7,0.4,0.2,0.1,5.1,NA,2.811
2020-08-13,ElectoPanel/Electomanía[364],1802,NA,26.7,22.9,14.7,11.5,7.2,3.6,2.1,1.3,1.3,0.7,0.5,0.7,0.4,0.2,0.1,3.8,NA,2.911
2020-08-06,Simple Lógica[365],1046,65.1,29.2,22.9,13.5,11.4,6.3,NA,NA,NA,NA,NA,NA,NA,NA,NA,NA,6.3,NA,NA
2020-08-06,ElectoPanel/Electomanía[366],2150,NA,26.8,23,14.1,11.6,7.7,3.8,2.1,1.3,1.3,0.6,0.5,0.7,0.4,0.2,0.1,3.8,NA,3.011
2020-08-04,ElectoPanel/Electomanía[367],1530,NA,27.5,23.1,14.1,10.6,7.9,3.7,2.1,1.4,1.3,0.6,0.5,0.7,0.4,0.2,0.1,4.4,NA,2.811
2020-07-31,Celeste-Tel/eldiario.es[368],1100,64.1,28.7,24.4,14.6,11.9,5.3,3.5,2.2,1.6,1.2,1,0.6,0.9,0.4,0.2,0.1,4.3,NA,2.28
2020-07-31,ElectoPanel/Electomanía[369],1700,NA,28.9,23,14.2,10,7.7,3.7,1.9,1.4,1.3,0.6,0.5,0.7,0.4,0.2,0.1,5.9,NA,2.49
2020-07-26,Metroscopia[66][348][370],NA,NA,29.7,24.8,13,10.7,5.3,NA,1.3,NA,NA,NA,NA,NA,NA,NA,NA,4.9,NA,NA
2020-07-24,InvyMark/laSexta[371],NA,NA,29.1,21.4,14,11.9,7.9,NA,NA,NA,NA,NA,NA,NA,NA,NA,NA,7.7,NA,NA
2020-07-24,ElectoPanel/Electomanía[372],1500,NA,29.1,22.7,14.1,9.9,7.9,3.8,2,1.4,1.3,0.6,0.5,0.7,0.4,0.2,0.1,6.4,NA,2.49
2020-07-19,CIS[373][374][375],2926,NA,32.4,19.4,12.3,12.6,8.7,2.8,1.6,1,1,0.5,0.5,0.8,0.4,0.3,0,13,NA,1.35
2020-07-18,NC Report/La Razón[376][377],1000,62.2,26.4,25.2,14.9,10.7,5.5,3.6,2.1,1.6,1.3,NA,NA,NA,0.4,NA,NA,1.2,NA,2.48/9
2020-07-17,KeyData/Público[378],NA,68,27.7,23.7,12.9,12.4,7.2,3.6,1.9,1.7,1.2,0.9,0.5,NA,NA,NA,NA,4,NA,2.39
2020-07-17,ElectoPanel/Electomanía[379],1500,NA,27.5,23.4,14.5,10.3,7.5,3.6,2.1,1.4,1.3,0.7,0.5,0.7,0.4,0.2,0.1,4.1,NA,2.710
2020-07-14,GAD3/ABC[380][381],2300,NA,29.1,27.6,11.2,10.1,5.2,NA,1.8,NA,NA,NA,NA,NA,NA,NA,NA,1.5,NA,?8
2020-07-10,ElectoPanel/Electomanía[382],3700,NA,26.6,22.9,15,11.2,8.6,3.7,1.9,1.4,1.2,0.7,0.5,0.5,0.3,0.2,0.1,3.7,NA,2.811
2020-07-09,IMOP/CIS[383][384][385],3032,NA,32.1,21.2,11.6,12.1,8.8,2.7,0.9,1.3,0.8,0.6,0.4,0.7,0.4,0.1,0,10.9,NA,1.56
2020-07-08,Simple Lógica[386],1035,64.1,29.1,21.8,15,12.5,6.4,NA,NA,NA,NA,NA,NA,NA,NA,NA,NA,7.3,NA,NA
2020-07-02,ElectoPanel/Electomanía[387],3100,NA,26.3,23.5,14.6,11.9,8.5,3.5,1.9,1.3,1.2,0.8,0.5,0.5,0.4,0.2,0.1,2.8,NA,2.611
2020-06-27,DYM/Henneo[388][389],1000,NA,26,22.4,15.1,11.3,8.3,NA,NA,NA,NA,NA,NA,NA,NA,NA,NA,3.6,NA,NA
2020-06-26,GESOP[390][391],750,NA,28.5,23.5,13,13.5,6,3,NA,NA,NA,NA,NA,NA,NA,NA,NA,5,NA,2.08
2020-06-26,InvyMark/laSexta[392],NA,NA,27.8,21,14.1,12.8,8.7,NA,NA,NA,NA,NA,NA,NA,NA,NA,NA,6.8,NA,NA
2020-06-26,ElectoPanel/Electomanía[393],3220,NA,26.3,24.2,14.2,11.7,8,3.5,2,1.3,1.2,0.8,0.5,0.5,0.4,0.2,0.1,2.1,NA,2.611
2020-06-19,Demoscopia y Servicios/ESdiario[394],1000,NA,25,24.2,15.1,13.7,6.2,3.1,1.5,1.5,1.4,1,0.4,0.6,0.4,0.3,0.1,0.8,NA,2.811
2020-06-19,ElectoPanel/Electomanía[395],3530,NA,25.5,24.6,14.2,11.8,8.2,3.6,1.9,1.3,1.2,0.8,0.5,0.5,0.4,0.2,0.1,0.9,NA,2.611
2020-06-17,Sigma Dos/El Mundo[396][397],1000,NA,28.7,26,11.7,12,8.3,3.1,1.2,1.9,NA,NA,NA,NA,NA,NA,NA,2.7,NA,2.0
2020-06-15,Metroscopia[66],NA,NA,29.4,22.8,14.3,11.9,6.7,NA,NA,NA,NA,NA,NA,NA,NA,NA,NA,6.6,NA,NA
2020-06-13,NC Report/La Razón[398][399],1000,61.7,26,25.1,14.8,12.1,5.6,3.7,1.9,1.6,1.3,1,0.5,0.5,0.4,0.3,0.1,0.9,NA,2.48/9
2020-06-12,ElectoPanel/Electomanía[400],2000,NA,25.9,24.7,14.1,11.7,7.9,3.6,2,1.3,1.2,0.8,0.5,0.5,0.4,0.2,0.1,1.2,NA,2.610
2020-06-09,CIS (SocioMétrica)[a][401],4258,65.1,31.2,21.8,13,11.4,9,2.4,2,1.4,0.9,0.8,0.4,0.5,0.2,0.1,NA,9.4,NA,1.3
2020-06-09,IMOP/CIS[402][403][404],4258,NA,31.2,20,12.5,11.4,9.4,2.6,1.3,1.4,0.9,0.7,0.4,0.6,0.3,0.1,0,11.2,NA,1.24
2020-06-05,Simple Lógica[405],1012,62.7,29.9,21.7,15.1,12,7.6,NA,NA,NA,NA,NA,NA,NA,NA,NA,NA,8.2,NA,NA
2020-06-05,Celeste-Tel/eldiario.es[406][407],1100,61.9,27,23.1,15.2,12.3,6.7,3.8,1.8,1.6,1.2,0.9,0.5,0.5,0.4,0.3,0.1,3.9,NA,2.48
2020-06-05,GAD3/ABC[408][409],3104,NA,28.3,25.4,11.2,10.5,7.6,NA,1.6,NA,NA,NA,NA,NA,NA,NA,NA,2.9,NA,?9
2020-06-03,ElectoPanel/Electomanía[410],1400,NA,25.6,25.1,14,11.7,7.8,3.6,1.9,1.3,1.2,0.8,0.5,0.5,0.4,0.2,0.1,0.5,NA,2.611
2020-05-31,ElectoPanel/Electomanía[411],2200,NA,26.2,25.6,13.8,11.5,7.2,3.6,1.8,1.2,1.2,0.8,0.5,0.5,0.4,0.2,0.1,0.6,NA,2.711
2020-05-29,SocioMétrica/El Español[412][413],1872,NA,26.9,24.4,14.6,10.9,7.9,3.6,1.4,1.6,1,0.7,0.6,NA,0.4,0.3,0.1,2.5,NA,2.39
2020-05-29,InvyMark/laSexta[414],NA,NA,26.9,20,15.5,13.2,8.6,NA,NA,NA,NA,NA,NA,NA,NA,NA,NA,6.9,NA,NA
2020-05-24,DYM/Henneo[415][416],1041,NA,25.1,22,15.8,11.3,9,NA,NA,NA,NA,NA,NA,NA,NA,NA,NA,3.1,NA,NA
2020-05-23,ElectoPanel/Electomanía[417],4500,NA,26.4,25.4,13.9,11.5,7.2,3.4,1.9,1.4,1.1,0.8,0.5,0.5,0.4,0.2,0.1,1,NA,2.711
2020-05-17,KeyData/Público[418],NA,65.3,27.8,23.3,14.1,12.1,6.8,3.5,1.6,1.6,1.1,1,0.5,NA,NA,NA,NA,4.5,NA,2.28
2020-05-17,Sigma Dos/Antena 3[419][420],NA,NA,29.7,26.4,11.8,11.4,6,3.6,1,1.9,NA,NA,NA,NA,NA,NA,NA,3.3,NA,1.9
2020-05-16,NC Report/La Razón[421][422],1000,62.1,26,24.9,14.6,12.5,5.2,3.6,NA,1.7,1.2,NA,NA,NA,NA,NA,NA,1.1,NA,2.68/9
2020-05-15,Hamalgama Métrica/OKDiario[423][424][425],1000,NA,26.1,25.4,15.3,11.6,4,3.7,1.5,1.6,1.2,NA,NA,NA,0.4,NA,NA,0.7,NA,2.48
2020-05-15,GESOP/El Periódico[426][427][428],750,NA,27.5,22.8,14,11.3,6.5,3.4,NA,1.8,1.2,NA,NA,NA,NA,NA,NA,4.7,NA,2.18
2020-05-15,SW Demoscopia/Grupo Viva[429][430],2000,NA,28.1,21.2,15.8,11.8,8.9,3.7,1.5,1.5,0.9,0.8,0.4,NA,0.4,0.2,NA,6.9,NA,2.4?
2020-05-14,GIPEyOP[431][432],8387,64.9,27.3,21.2,15.8,13,5.6,3.8,2.3,1.5,1.5,1.4,0.7,0.9,0.6,NA,NA,6.1,NA,1.87
2020-05-13,Metroscopia[66][433][434][435],NA,NA,28.3,24,13.1,11.2,6.8,NA,NA,NA,NA,NA,NA,NA,NA,NA,NA,4.3,NA,NA
2020-05-13,ElectoPanel/Electomanía[436],1738,NA,26.1,25.3,14.1,11.4,7.4,3.3,1.8,1.3,1.2,0.8,0.5,0.6,0.4,0.3,0.1,0.8,NA,2.711
2020-05-13,CIS (SocioMétrica)[a][437],3800,68.1,29.8,22.3,11.8,12,9.9,2.7,2,1.3,0.7,0.8,0.4,0.5,0.4,0.3,0.1,7.5,NA,1.3
2020-05-13,Intercampo/CIS[438][439][440],3800,NA,31.1,20.3,11.3,11.5,10.5,2.9,1.4,1.3,0.7,0.7,0.4,0.5,0.3,0.2,0.1,10.8,NA,1.24
2020-05-09,Demoscopia y Servicios/ESdiario[441],1200,NA,25.1,23.9,15.2,13.6,6.4,3.2,1.4,1.5,1.3,1.2,0.4,0.5,0.4,0.3,0.1,1.2,NA,2.710
2020-05-08,SW Demoscopia[442],1104,NA,28.4,20.3,16.2,12,9,3.5,1.2,1.5,0.9,0.8,0.4,NA,0.4,0.2,NA,8.1,NA,2.3?
2020-05-08,Celeste-Tel/eldiario.es[443],1100,62.3,27.4,22.2,15.6,12.9,6.5,3.7,1.6,1.6,1.2,0.8,0.4,0.5,0.4,0.3,0.1,5.2,NA,2.58
2020-05-08,Simple Lógica[444],1019,63.8,30.8,21.7,11.8,12.2,9.8,NA,NA,NA,NA,NA,NA,NA,NA,NA,NA,9.1,NA,NA
2020-05-08,GAD3/ABC[445][446],1004,66,28.7,27.1,11.7,10.9,5.9,NA,1.4,NA,NA,NA,NA,NA,NA,NA,NA,1.6,NA,?7
2020-05-07,ElectoPanel/Electomanía[447],4753,NA,26.3,24.9,14.1,11.4,7.6,3.3,1.8,1.3,1.2,0.8,0.5,0.6,0.4,0.3,0.1,1.4,NA,2.711
2020-05-04,Sináptica/Público[448],1001,NA,25.1,22.3,15.7,13.1,7.5,3.3,2.2,1.2,1.6,1.3,NA,NA,NA,NA,NA,2.8,NA,2.6
2020-05-01,InvyMark/laSexta[449],NA,NA,27.9,20.4,17,12.3,6.9,NA,NA,NA,NA,NA,NA,NA,NA,NA,NA,7.5,NA,NA
2020-04-30,NC Report/La Razón[450][451],1000,62.5,26.3,23.2,15.4,13,6.2,3.5,1.7,1.6,1.1,0.9,0.5,0.5,0.4,0.3,0.1,3.1,NA,2.79/10
2020-04-29,ElectoPanel/Electomanía[452],1480,NA,27.4,23.8,14.2,11.4,7.3,3.4,1.8,1.4,1.2,0.9,0.5,0.6,0.4,0.3,0.1,3.6,NA,2.710
2020-04-25,DYM/Henneo[453][454],1000,NA,25.1,22.4,15.3,12.1,7.8,NA,2.3,NA,NA,NA,NA,NA,NA,NA,NA,2.7,NA,NA
2020-04-24,SocioMétrica/El Español[455],1200,NA,28.2,25.4,14.5,11,7.5,3.2,1.2,1.5,1,0.7,0.3,0.4,0.3,0.3,0.1,2.8,NA,2.49
2020-04-24,Metroscopia[66][348],NA,NA,26.7,25.1,13.6,12,5.6,NA,NA,NA,NA,NA,NA,NA,NA,NA,NA,1.6,NA,NA
2020-04-22,ElectoPanel/Electomanía[456],1500,NA,28.3,23.7,13.8,11.6,7.1,3.6,1.7,1.3,1.2,0.9,0.5,0.6,0.4,0.3,0.1,4.6,NA,2.49
2020-04-17,KeyData/Público[457],NA,69.3,28.2,22.3,14.5,12.4,6.4,3.4,1.9,1.5,1,1,0.4,NA,NA,NA,NA,5.9,NA,2.07
2020-04-17,Hamalgama Métrica/OKDiario[458][459],1000,63.4,26.8,22.7,15,13.4,5.3,3.6,1.6,1.6,1.2,NA,NA,NA,NA,NA,NA,4.1,NA,2.58
2020-04-15,Sigma Dos/El Mundo[460],1000,NA,31.7,25.4,11.9,11.5,5.4,3.6,1.3,1.9,NA,NA,NA,NA,NA,NA,NA,6.3,NA,1.9
2020-04-14,ElectoPanel/Electomanía[461],3500,NA,28.1,23.6,13.9,11.5,7.5,3.6,1.8,1.3,1.1,0.9,0.5,0.6,0.4,0.3,0.1,4.5,NA,2.49
2020-04-07,ElectoPanel/Electomanía[462],2115,NA,25.9,23.5,14.3,11.9,8.3,3.7,1.9,1.4,1.2,0.9,0.6,0.6,0.4,0.3,0.1,2.4,NA,2.59
2020-04-07,Simple Lógica[463],1057,64.5,28.2,22.2,16,11,5.7,NA,NA,NA,NA,NA,NA,NA,NA,NA,NA,6,NA,NA
2020-04-07,Celeste-Tel/eldiario.es[464],1100,62.6,27.9,20.5,16.3,13.7,6.9,3.7,1.7,1.5,1.2,1,0.5,0.5,0.4,0.3,0.1,7.4,NA,2.38
2020-04-07,CIS (SocioMétrica)[a][465],3000,69,30.6,23,13.9,12.3,7.1,3.6,1.2,1.3,0.6,0.5,0.3,0.4,0.4,0.2,0.1,7.6,NA,1.4
2020-04-07,Intercampo/CIS[466][467],3000,NA,31.2,21.1,13,12,7.6,3.3,1.5,1.2,0.5,0.6,0.4,0.5,0.3,0.2,0.1,10.1,NA,1.4
2020-04-01,Sigma Dos/Antena 3[468],NA,NA,32.2,24.3,13.8,11,4.4,3.7,1.5,1.8,NA,NA,NA,NA,NA,NA,NA,7.9,NA,1.9
2020-03-31,SW Demoscopia[469],1102,NA,25.5,21.6,16.9,12.6,5.1,3.8,2.3,1.7,1.2,0.9,0.6,NA,0.5,0.3,NA,3.9,NA,2.6?
2020-03-30,KeyData/Público[470],NA,69.3,27.9,20.8,16,13.6,6.2,3.5,2,1.6,1,1,0.5,NA,NA,NA,NA,7.1,NA,2.18
2020-03-30,ElectoPanel/Electomanía[471],2500,NA,25.2,23.2,14.2,12,8.9,3.8,2,1.3,1.2,0.9,0.6,0.7,0.4,0.2,0.1,2,NA,2.610
2020-03-27,DYM/Henneo[472][473],1001,NA,26.8,23.1,14.4,11.8,7.2,NA,1.9,NA,NA,NA,NA,NA,NA,NA,NA,3.7,NA,NA
2020-03-26,SyM Consulting/La Nueva Crónica[474],3104,70.7,26.2,19.9,15.7,11.8,5.2,4,NA,NA,NA,NA,NA,NA,NA,NA,NA,6.3,NA,NA
2020-03-17,Demoscopia y Servicios/ESdiario[475],1000,65.2,24.5,23.4,14.5,13.6,8.3,3,1.3,1.6,1.2,1.3,0.5,0.5,0.4,0.3,0.1,1.1,NA,2.89
2020-03-13,ElectoPanel/Electomanía[476],1200,NA,25.5,21.7,15.1,13.4,7.8,3.8,1.8,1.4,1.2,1,0.5,0.8,0.4,0.3,0.1,3.8,NA,2.710
2020-03-13,CIS[477][478],3912,NA,31.9,19.6,14.8,12.9,7.2,2.4,1.2,1.5,1.2,0.5,0.4,0.6,0.4,0.1,0.1,12.3,NA,1.2
2020-03-06,Simple Lógica[479],1029,67.6,27.7,20.9,15.1,14.9,7.7,NA,NA,NA,NA,NA,NA,NA,NA,NA,NA,6.8,NA,NA
2020-03-06,InvyMark/laSexta[480],NA,NA,28.8,21.1,17.6,13.2,3.3,NA,NA,NA,NA,NA,NA,NA,NA,NA,NA,7.7,NA,NA
2020-03-05,SocioMétrica/El Español[481],NA,NA,27.9,21,16.4,12.3,5.6,NA,NA,NA,NA,NA,NA,NA,NA,NA,NA,6.9,NA,NA
2020-03-05,KeyData/Público[482],NA,71.2,27.7,20.6,16,13.6,6,3.4,1.9,1.6,0.9,0.9,0.5,NA,NA,NA,NA,7.1,NA,2.19
2020-03-05,ElectoPanel/Electomanía[483],1250,NA,27.7,20.3,17,13.2,5.5,3.7,1.9,1.4,1.1,0.9,0.5,0.5,0.4,0.3,0.1,7.4,NA,2.710
2020-02-28,SW Demoscopia[484],1302,NA,27.8,19.7,18.8,13.2,3.9,3.6,2.4,1.6,1.1,1,0.6,NA,0.4,0.3,NA,8.1,NA,2.3?
2020-02-25,ElectoPanel/Electomanía[485],1250,NA,27.7,20.4,17,13.3,5.3,3.6,1.8,1.5,1.1,0.9,0.5,0.5,0.4,0.2,0.1,7.3,NA,2.710
2020-02-21,InvyMark/laSexta[486],NA,NA,29.1,21,17,13.4,3.5,NA,NA,NA,NA,NA,NA,NA,NA,NA,NA,8.1,NA,NA
2020-02-15,Metroscopia[66],NA,NA,26.9,21,16.2,13.8,4.8,NA,NA,NA,NA,NA,NA,NA,NA,NA,NA,5.9,NA,NA
2020-02-14,NC Report/La Razón[487][488],1000,62.9,26.9,22.2,16.1,13.2,5.6,3.4,1.7,1.5,1.1,0.9,0.5,0.5,0.5,0.3,0.1,4.7,NA,2.910/11
2020-02-11,Simple Lógica[489],1073,67.5,28.5,17.6,16.1,14,7.9,NA,NA,NA,NA,NA,NA,NA,NA,NA,NA,10.9,NA,NA
2020-02-11,CIS (SocioMétrica)[a][490],2957,65.1,28.2,19.9,14.2,14,8.2,3.6,2.3,1.4,1.2,1,0.2,0.5,0.3,0.1,0.1,8.3,NA,2.0
2020-02-11,CIS[491][492],2957,NA,30.9,18.9,13.4,13.6,8.1,3.3,1.6,1.3,1.1,1,0.2,0.7,0.3,0.1,0.1,12,NA,1.8
2020-02-07,Celeste-Tel/eldiario.es[493],1100,63.8,27.6,20.2,16.9,13.5,6.2,3.3,2,1.5,1.1,1,0.5,0.5,0.4,0.3,0.1,7.4,NA,2.79
2020-02-05,ElectoPanel/Electomanía[494],1490,NA,27.2,19.9,16.8,13.4,6.1,3.7,1.8,1.5,1.1,0.9,0.5,0.5,0.4,0.2,0.1,7.3,NA,2.710
2020-02-01,ElectoPanel/Electomanía[495],1250,NA,26.7,19.8,16.9,13.6,6.8,3.4,1.8,1.5,1.1,0.8,0.5,0.5,0.4,0.2,0.1,6.9,NA,3.012
2020-01-31,InvyMark/laSexta[496],NA,NA,29.7,20.4,16.8,13.5,3.9,NA,NA,NA,NA,NA,NA,NA,NA,NA,NA,9.3,NA,NA
2020-01-31,SW Demoscopia[497],1307,NA,27,19.4,18.7,13.7,4.7,3.8,2.2,1.6,1,1.1,0.6,NA,0.4,0.3,NA,7.6,NA,2.3?
2020-01-29,Metroscopia[498][499],4237,NA,26.8,20.5,15.3,13.3,6.1,NA,2.7,NA,NA,NA,NA,NA,NA,NA,NA,6.3,NA,NA
2020-01-23,ElectoPanel/Electomanía[500],1250,NA,26.3,19.4,17.1,13.7,6.8,3.7,1.8,1.5,1.2,0.9,0.5,0.5,0.4,0.2,0.1,6.9,NA,2.711
2020-01-21,KeyData/Público[501],NA,69,27.7,21,15.6,14,5.8,3.4,1.8,1.6,1.1,0.9,0.6,NA,NA,NA,NA,6.7,NA,2.39
2020-01-18,SocioMétrica/El Español[502],1100,NA,27.7,21.2,16.3,12.5,5.5,3.6,2.1,1.6,1.1,1,0.5,0.5,0.4,0.3,0.1,6.5,NA,2.2?
2020-01-17,InvyMark/laSexta[503],NA,NA,30.3,20.2,16.6,13.6,3.8,NA,NA,NA,NA,NA,NA,NA,NA,NA,NA,10.1,NA,NA
2020-01-17,NC Report/La Razón[504][505],1000,63.5,26.7,22.1,16.1,13.4,5.4,3.3,1.8,1.5,1,1.1,0.5,0.5,0.5,0.3,0.1,4.6,NA,2.68/9
2020-01-15,ElectoPanel/Electomanía[506],2500,NA,26.4,19.1,16.9,14,7.2,3.7,1.8,1.5,1.2,0.8,0.5,0.5,0.4,0.2,0.1,7.3,NA,2.710
2020-01-13,CIS (Kiko Llaneras)[a][507],2929,NA,28,22,14.5,12.5,7,NA,2,NA,NA,NA,NA,NA,NA,NA,NA,6,NA,NA
2020-01-13,CIS (SocioMétrica)[a][508],2929,66.5,27.4,21.7,14.4,13.1,7.1,3.5,1.5,1.6,1.3,1,0.4,0.4,0.1,0,0.1,5.7,NA,1.8
2020-01-13,CIS[509][510],2929,NA,30.4,19.9,13.4,13.8,6.5,3.9,1.8,1.6,1.3,1,0.3,0.5,0.1,NA,0.1,10.5,NA,1.4
2020-01-10,Simple Lógica[511],1097,66.4,26.5,20.3,14.4,15.5,7.9,NA,NA,NA,NA,NA,NA,NA,NA,NA,NA,6.2,NA,NA
2020-01-10,InvyMark/laSexta[512],NA,NA,29.9,20.7,16.4,13.3,4,NA,1.9,NA,NA,NA,NA,NA,NA,NA,NA,9.2,NA,NA
2020-01-10,GAD3/ABC[513][514],1000,NA,26.3,23.2,15,12.4,7.3,NA,1.5,NA,NA,NA,NA,NA,NA,NA,NA,3.1,NA,?9
2020-01-09,Celeste-Tel/eldiario.es[515],1100,64.1,27,20.3,16.4,13.9,6.1,3.2,2,1.4,1.1,1.3,0.5,0.5,0.4,0.3,0.1,6.7,NA,2.89
2020-01-08,ElectoPanel/Electomanía[516],1250,NA,26.6,19.1,17.1,14,6.8,3.6,1.8,1.5,1.2,0.8,0.5,0.5,0.4,0.2,0.1,7.5,NA,2.710
2020-01-02,SW Demoscopia[517],1304,NA,26.9,19.5,18.6,13.3,4.9,3.7,2.6,1.6,1.1,1,0.6,NA,0.4,0.3,NA,7.4,NA,2.2?
2020-01-02,ElectoPanel/Electomanía[518],1250,NA,26.8,19.9,16.7,14.2,6.6,3.4,1.8,1.6,1.2,0.9,0.5,0.5,0.4,0.3,0.1,6.9,NA,2.69
2019-12-28,ElectoPanel/Electomanía[519],1250,NA,26.6,20.4,16.2,13.7,6.8,3.3,1.6,NA,1.6,1.2,0.8,0.5,0.5,0.4,0.3,0.1,6.2,2.69
2019-12-27,Sigma Dos/El Mundo[520][521],1000,NA,27.5,20.1,16,15.4,4.8,3.5,2.3,NA,1.6,NA,NA,NA,NA,NA,NA,NA,7.4,2.0
2019-12-23,KeyData/Público[522],NA,74.3,26.4,20.4,15,12.8,6,3.4,1.8,NA,1.5,1.1,NA,0.5,NA,NA,NA,NA,6.0,1.97
2019-12-21,SocioMétrica/El Español[523],2160,NA,27.2,21.6,16.2,12.6,5.8,3.8,2,NA,1.8,1.1,0.9,0.6,0.5,0.3,0.3,0.1,5.6,2.610
2019-12-19,ElectoPanel/Electomanía[524],1250,NA,26.7,20.1,16.6,13.4,7.3,3.3,1.9,NA,1.6,1.2,0.8,0.5,0.5,0.4,0.3,0.1,6.6,2.69
2019-12-19,CIS[525][526],4800,NA,28.3,20,15.2,12.8,5.6,3.6,2.3,NA,1.6,1.1,1,0.5,0.5,0.4,0.3,0.1,8.3,2.2
2019-12-15,Metroscopia[66],NA,NA,27.3,22.5,16.3,13.3,6.1,NA,NA,NA,NA,NA,NA,NA,NA,NA,NA,NA,4.8,NA
2019-12-13,NC Report/La Razón[527][528],1000,64.9,27.1,21.6,15.6,13.1,5.8,3.5,2,NA,1.5,1.1,1.1,0.5,0.5,0.5,0.3,0.1,5.5,2.38/9
2019-12-13,InvyMark/laSexta[529],NA,NA,28.8,21.6,16.4,13.7,3.9,NA,1.9,NA,NA,NA,NA,NA,NA,NA,NA,NA,7.2,NA
2019-12-12,ElectoPanel/Electomanía[530],1250,NA,26.6,19.6,16.6,13.7,7.6,3.2,1.8,NA,1.6,1.1,0.7,0.5,0.5,0.4,0.3,0.1,7.0,2.710
2019-12-12,Simple Lógica[531],1064,64.9,27,20.5,13.8,16.4,6.4,NA,NA,NA,NA,NA,NA,NA,NA,NA,NA,NA,6.5,NA
2019-12-05,ElectoPanel/Electomanía[532],1250,NA,26.8,19.5,16.5,13.8,7.1,3.1,1.7,NA,1.6,1.1,0.7,0.5,0.5,0.4,0.3,0.1,7.3,2.811
2019-11-27,ElectoPanel/Electomanía[533],1250,NA,26.3,19.3,16.7,13.6,7.7,3.5,2.1,NA,1.6,1.2,0.9,0.5,0.5,0.4,0.3,0.1,7.0,2.58
2019-11-27,GAD3/ABC[534],NA,NA,27.7,23,14.1,13,6.5,3.4,1.8,NA,1.6,1,1,0.5,0.7,0.4,0.2,0.1,4.7,2.08
2019-11-20,ElectoPanel/Electomanía[535],1250,NA,26.4,20.1,16.3,13.6,7.3,3.6,2.1,NA,1.6,1.1,1,0.5,0.5,0.4,0.3,0.1,6.3,2.28
2019-11-12,ElectoPanel/Electomanía[536][537],1510,NA,27.5,21.4,15.6,13.7,5.8,3.6,2,NA,1.6,1.2,1,0.5,0.5,0.4,0.3,0.1,6.1,2.28
2019-11-10,November 2019 general election,NA,66.2,28,20.8,15.1,12.9,6.8,3.6,2.4,NA,1.6,1.1,1,0.5,0.5,0.4,0.3,0.1,7.2,2.28
